year,month,weekofyear,epidemic,total_cases,epidemic_duration,bc_total_cases,ndvi_ne,ndvi_nw,ndvi_se,ndvi_sw,reanalysis_air_temp_k,reanalysis_avg_temp_k,reanalysis_dew_point_temp_k,reanalysis_max_air_temp_k,reanalysis_min_air_temp_k,reanalysis_precip_amt_kg_per_m2,reanalysis_relative_humidity_percent,reanalysis_sat_precip_amt_mm,reanalysis_specific_humidity_g_per_kg,reanalysis_tdtr_k,station_avg_temp_c,station_diur_temp_rng_c,station_max_temp_c,station_min_temp_c,station_precip_mm
2001,12,52,0,1.0,0,9.99996186681e-06,-0.1800857,0.1931143,0.03115172,-0.10269713,296.910857143,1.914285714,297.211428571,-1.86,294.2,10.7,96.2371428572,34.54,18.9657142857,245243.31694,3.275,1.21241600241,-1.5,127.8,59.52
2002,1,1,0,4.0,0,1.64156082859,-0.1800857,0.1931143,0.0567552,-0.10269713,297.164571429,1.914285714,297.211428571,-2.04,294.2,0.16,96.2371428572,34.54,18.9657142857,157927.584902,3.275,1.30326634461,-1.5,130.0,59.52
2002,1,2,0,11.0,0,3.23037046514,-0.1800857,0.1931143,0.0838257,-0.10269713,297.164571429,3.4,297.211428571,-2.04,294.4,0.16,96.2371428572,34.54,18.9657142857,224645.655529,3.4166666667,1.31327600644,-1.5,129.2,59.52
2002,1,3,1,16.0,1,3.9226526171,-0.1800857,0.14565,0.0838257,-0.10269713,297.425714285,3.4,297.211428571,-2.04,294.4,0.16,96.2371428572,22.77,18.9657142857,307124.253695,3.4166666667,1.36611634461,-1.5,130.0,59.52
2002,1,4,0,23.0,0,4.65447287317,-0.1800857,0.14565,0.0838257,-0.10034786,298.018,3.4,297.211428571,-2.04,294.4,10.7,95.4721428572,22.77,18.9657142857,402924.47962,3.6733333333,1.35128731381,-1.5,130.0,59.52
2002,1,5,0,12.0,0,3.38568846431,-0.2373714,0.14565,0.0838257,-0.164684965,297.298857143,3.4,297.211428571,-2.26,294.4,10.7,96.3114285714,22.77,18.9657142857,285242.474934,3.6733333333,1.4614485457,-1.5,129.8,104.79
2002,2,6,0,14.0,0,3.66885124355,-0.2373714,0.14565,0.0838257,-0.164684965,296.913428572,3.4,297.211428571,-2.26,294.4,12.96,96.4542857143,4.68,18.9657142857,227567.073409,3.6733333333,1.57627528181,-1.5,128.6,104.79
2002,2,7,0,18.0,0,4.15329598708,-0.2373714,0.14565,0.12796768,-0.164684965,296.913428572,3.4,296.544285714,-2.26,294.5,10.7,96.4542857143,4.68,18.1471428571,294852.53021,3.6733333333,1.53161352154,-1.5,126.4,104.79
2002,2,8,0,8.0,0,2.68850463997,-0.2373714,0.1224333,0.12796768,-0.164684965,296.913428572,3.4,296.137142857,-2.26,294.1,12.96,96.4542857143,4.68,17.69,199893.757949,3.6733333333,1.58319250705,-1.5,126.4,104.79
2002,2,9,0,7.0,0,2.47320159055,-0.2373714,0.1224333,0.12796768,-0.164684965,296.899428572,3.4,296.137142857,-2.04,294.5,12.96,96.8992857142,4.68,17.69,95826.5718317,3.6733333333,1.6774837963,-1.5,124.9,56.93
2002,3,10,0,10.0,0,3.06387956889,-0.2373714,0.1224333,0.12796768,-0.164684965,296.899428572,3.4,296.514285714,-2.04,294.5,12.96,96.8992857142,4.68,18.1257142857,84166.555399,3.6733333333,1.7510462963,-1.5,124.9,56.93
2002,3,11,0,7.0,0,2.47320159055,-0.2373714,0.1224333,0.12796768,-0.151461425,296.899428572,3.4,296.514285714,-2.04,294.1,12.96,96.8992857142,4.68,18.1257142857,151545.792371,3.6733333333,1.73645216888,-1.5,125.7,56.93
2002,3,12,1,10.0,1,3.06387956889,-0.2373714,0.1224333,0.12796768,-0.151461425,296.899428572,3.4,296.544285714,-2.26,294.1,15.21,95.6614285714,4.68,18.1471428571,215420.465189,3.6733333333,1.52590958132,-1.16,125.5,71.15
2002,3,13,0,5.0,0,1.95999621746,-0.2373714,0.1224333,0.12796768,-0.151461425,296.497428571,3.4,296.544285714,-2.26,294.1,15.21,97.8071428571,4.68,18.1471428571,123097.40868,3.6733333333,1.43984866647,-1.5,125.4,71.15
2002,4,14,1,11.0,1,3.23037046514,-0.2373714,0.1224333,0.109648596,-0.151461425,296.497428571,3.4,296.698571429,-2.2,294.1,12.96,98.1164285714,4.68,18.3614285714,98523.4343036,3.6733333333,1.3240998742,-1.82,124.6,71.15
2002,4,15,0,8.0,0,2.68850463997,-0.2373714,0.1224333,0.109648596,-0.16271283,296.497428571,3.4,296.698571429,-2.2,294.1,15.21,98.1164285714,4.68,18.3614285714,87146.0352563,3.6733333333,1.33781666164,-2.26,124.9,71.15
2002,4,16,1,18.0,5,4.15329598708,-0.2373714,0.1224333,0.109648596,-0.219119235,296.497428571,3.4,296.698571429,-2.2,294.4,12.96,98.1164285714,4.68,18.3614285714,65359.5264422,3.6733333333,1.55290663748,-2.26,124.2,71.15
2002,4,17,1,13.0,5,3.5314273997,-0.2373714,0.1224333,0.109648596,-0.156136395,296.497428571,3.4,296.698571429,-2.2,294.4,12.96,98.1164285714,4.68,18.3614285714,50780.0873117,3.6733333333,1.55096272142,-2.26,124.3,71.15
2002,4,18,1,9.0,5,2.88416246161,-0.2373714,0.1224333,0.109648596,-0.156136395,296.497428571,3.4,296.698571429,-2.2,294.1,12.96,98.1164285714,4.68,18.3614285714,51665.786509,3.1733333333,1.53478494364,-2.26,124.9,71.15
2002,5,19,1,22.0,5,4.56140936949,-0.2373714,0.1224333,0.109648596,-0.156136395,296.497428571,3.4,296.631428571,-2.2,294.1,14.25,97.51,37.46,18.2228571429,94441.031833,3.1733333333,1.53155698471,-2.26,125.5,71.15
2002,5,20,1,10.0,5,3.06387956889,-0.2373714,0.1096333,0.081611404,-0.184626395,296.482571428,3.4,296.631428571,-2.2,294.1,14.25,97.2435714286,37.46,18.2228571429,77646.6682045,3.1733333333,1.54561817633,-1.82,126.1,143.77
2002,5,21,0,5.0,0,1.95999621746,-0.2373714,0.1096333,0.081611404,-0.184626395,296.482571428,3.4,296.444285714,-1.88,293.9,14.25,96.2471428572,41.96,18.0242857143,128332.687727,3.1733333333,1.59627035024,-1.82,126.1,143.77
2002,5,22,1,13.0,1,3.5314273997,-0.2373714,0.1096333,0.081611404,-0.184626395,296.482571428,3.4,296.444285714,-1.88,293.9,15.21,96.2471428572,41.54,18.0242857143,146043.14357,3.1733333333,1.6326683122,-2.26,126.6,175.63
2002,6,23,0,2.0,0,0.753425355506,-0.2373714,0.1096333,0.081611404,-0.184626395,296.295142857,2.6,296.351428571,-1.12,293.9,14.25,96.2314285715,41.54,17.9357142857,174567.195049,3.1733333333,1.60042354569,-2.26,125.6,175.63
2002,6,24,1,11.0,5,3.23037046514,-0.2373714,0.1096333,0.105842876,-0.184626395,296.295142857,2.6,296.31,-0.7,293.9,15.21,96.2314285715,41.54,17.9357142857,208815.616172,3.1733333333,1.40976956019,-2.26,125.1,175.63
2002,6,25,1,11.0,5,3.23037046514,-0.2373714,0.1096333,0.11234862,-0.184626395,296.295142857,2.6,296.271428571,-0.7,293.4,15.21,96.0235714286,39.16,17.8228571429,278173.55618,3.1733333333,1.52176170994,-2.26,122.6,175.63
2002,6,26,1,3.0,5,1.25514274387,-0.2373714,0.1096333,0.105842876,-0.184626395,295.983714286,2.6,296.222857143,-0.94,293.0,15.21,94.575,3.18,17.8071428571,586821.18172,3.1733333333,1.47086436695,-2.26,120.4,175.63
2002,7,27,1,7.0,5,2.47320159055,-0.2373714,0.1096333,0.081611404,-0.186912822,295.829428572,2.6,296.221428571,-0.94,292.8,14.25,94.245,3.18,17.7442857143,600628.738936,2.5,1.36440180656,-2.26,120.3,175.63
2002,7,28,1,7.0,5,2.47320159055,-0.2373714,0.1096333,0.081611404,-0.192910737,295.823428572,2.142857143,296.107142857,-0.66,292.7,2.5,94.245,3.18,17.6385714286,689154.243369,2.7666666667,1.30855538949,-2.26,119.8,175.63
2002,7,29,0,4.0,0,1.64156082859,-0.2373714,0.07298571,0.081611404,-0.23387718,295.823428572,2.142857143,296.024285714,-0.76,292.4,-0.4,89.9407142857,3.18,17.5842857143,880585.977636,2.9166666667,1.3863035779,-2.5,119.2,175.63
2002,7,30,0,5.0,0,1.95999621746,-0.2114571,0.07298571,0.081611404,-0.23387718,295.823428572,2.142857143,295.235714286,-0.76,291.5,2.5,85.705,3.18,16.7742857143,1175049.44149,2.2866666667,1.38805289855,-2.5,118.0,175.63
2002,7,31,1,6.0,3,2.23299089276,-0.2114571,0.07298571,0.105842876,-0.23387718,295.823428572,2.142857143,294.624285714,-0.76,291.5,2.5,86.3535714286,3.18,16.0757142857,1162515.58078,2.2866666667,1.39646191123,-2.5,118.5,175.63
2002,8,32,1,7.0,3,2.47320159055,-0.2114571,0.07298571,0.091905664,-0.23387718,295.823428572,2.142857143,293.871428571,-0.76,291.2,-0.4,86.3535714286,3.18,15.4142857143,1458175.33567,2.2866666667,1.53274488225,-2.5,120.1,175.63
2002,8,33,1,7.0,3,2.47320159055,-0.2114571,0.07298571,0.091905664,-0.23387718,295.823428572,2.142857143,293.422857143,-0.76,290.8,-0.4,86.3535714286,3.18,14.93,2411137.2135,2.2866666667,1.53912149255,-2.5,120.0,175.63
2002,8,34,0,4.0,0,1.64156082859,-0.2114571,0.07298571,0.094841404,-0.23387718,295.823428572,2.142857143,293.327142857,-0.76,290.6,2.5,85.8514285715,3.18,14.8185714286,3501049.64495,2.2866666667,1.38839504327,-2.5,120.5,175.63
2002,8,35,1,9.0,18,2.88416246161,-0.2114571,0.07298571,0.094841404,-0.23387718,295.823428572,3.25,293.422857143,-0.66,290.6,2.5,85.2657142857,3.18,14.93,4011432.84129,2.2866666667,1.38121327998,-2.5,121.3,175.63
2002,9,36,1,17.0,18,4.04056276372,-0.2114571,0.07298571,0.094841404,-0.23387718,295.823428572,3.25,293.874285714,-0.6,290.8,2.4,84.5878571428,3.18,15.4128571429,3997072.10321,2.2866666667,1.35639866646,-2.5,123.5,175.63
2002,9,37,1,8.0,18,2.68850463997,-0.2114571,0.07298571,0.094841404,-0.240712855,295.823428572,3.25,293.874285714,-0.6,290.8,2.4,81.3057142857,3.18,15.4128571429,5295312.50333,2.2866666667,1.56738256339,-2.5,124.1,175.63
2002,9,38,1,22.0,18,4.56140936949,-0.2114571,0.07298571,0.08577136,-0.240712855,295.823428572,3.25,293.874285714,-0.56,291.2,-0.4,79.9535714286,3.18,15.4128571429,6307155.65686,2.7416666667,1.66767423006,-2.5,125.4,175.63
2002,9,39,1,18.0,18,4.15329598708,-0.2114571,0.07298571,0.08577136,-0.240712855,295.823428572,3.25,294.414285714,-0.56,291.5,2.4,80.8521428571,3.27,16.0342857143,5774774.09694,2.7416666667,1.58129017209,-2.18,125.2,91.25
2002,10,40,1,21.0,18,4.46506148992,-0.2114571,0.07298571,0.08577136,-0.240712855,295.823428572,3.25,293.874285714,-0.56,291.6,-0.4,78.6642857143,5.71,15.6342857143,6227443.95896,2.7416666667,1.81090651669,-1.5,126.1,91.25
2002,10,41,1,16.0,18,3.9226526171,-0.2114571,0.07298571,0.08577136,-0.26610253,295.823428572,3.25,294.414285714,-0.56,291.8,2.4,82.35,9.81,16.0342857143,6095388.78574,2.7416666667,1.79779963263,-2.0,127.0,74.22
2002,10,42,1,31.0,18,5.30548224738,-0.2114571,0.07298571,0.08577136,-0.26610253,295.823428572,3.25,294.531428571,-0.66,291.8,2.4,86.0678571429,9.81,16.18,5445700.63968,2.7416666667,1.78608224133,-2.38,127.3,74.22
2002,10,43,1,25.0,18,4.83170960771,-0.2114571,0.07298571,0.09664142,-0.26610253,295.823428572,3.25,294.961428571,-0.72,291.8,-0.4,87.3578571428,9.81,16.49,3296227.75239,2.7416666667,1.82788832526,-2.38,129.2,93.82
2002,10,44,1,28.0,18,5.07829476262,-0.2114571,0.07298571,0.09664142,-0.26610253,295.823428572,3.25,295.585714286,-0.72,292.1,2.4,89.8307142857,9.81,17.1857142857,1856698.69831,2.7416666667,1.76048252816,-2.38,130.2,93.82
2002,11,45,1,26.0,18,4.91629820707,-0.2114571,0.07298571,0.09664142,-0.26610253,295.823428572,3.25,295.661428571,-0.8,292.5,2.4,93.615,9.81,17.2114285714,918280.484201,2.7416666667,1.73103113927,-2.38,132.4,93.82
2002,11,46,1,18.0,18,4.15329598708,-0.2114571,0.07298571,0.09664142,-0.26610253,295.823428572,3.25,296.322857143,-0.8,293.4,2.4,95.6664285714,11.49,17.9071428571,365214.356646,2.7416666667,1.64751581621,-2.38,132.1,150.16
2002,11,47,1,27.0,18,4.99844074991,-0.2114571,0.07298571,0.09664142,-0.26610253,295.823428572,3.25,296.637142857,-0.8,293.4,-0.4,96.4435714286,11.49,18.2671428571,215713.838931,2.7416666667,1.8784131592,-2.0,132.0,150.16
2002,11,48,1,11.0,18,3.23037046514,-0.2114571,0.07298571,0.09664142,-0.26610253,295.823428572,3.25,296.781428571,-0.8,293.4,-0.4,96.4435714286,11.49,18.4157142857,210219.786733,2.7416666667,1.88968006741,-2.0,132.0,150.16
2002,12,49,1,38.0,18,5.77673700787,-0.2114571,0.07298571,0.08794852,-0.22866326,295.823428572,3.25,296.781428571,-0.8,293.9,-0.4,96.4435714286,11.49,18.4157142857,197853.916925,2.7416666667,1.71984270831,-2.04,133.1,150.16
2002,12,50,1,29.0,18,5.15600243004,-0.2114571,0.07298571,0.08526564,-0.22866326,295.823428572,3.25,296.781428571,-0.8,293.9,-0.4,96.4435714286,11.49,18.4157142857,173748.2973,2.7416666667,1.84085357788,-2.04,133.5,150.16
2002,12,51,1,21.0,18,4.46506148992,-0.2114571,0.07298571,0.08526564,-0.22866326,295.943142857,3.25,296.781428571,-1.16,294.2,-2.4,96.4435714286,21.96,18.4157142857,182892.944526,2.7416666667,1.97660466483,-2.04,134.2,150.16
2002,12,52,1,11.0,18,3.23037046514,-0.2114571,0.1319714,0.08526564,-0.21992607,296.236,3.25,296.781428571,-1.16,294.2,-2.4,95.3428571429,21.96,18.4157142857,267415.27137,2.215,1.97594685485,-2.04,134.7,150.16
2003,1,1,0,10.0,0,3.06387956889,-0.2114571,0.1319714,0.08526564,-0.153117125,296.513428572,3.25,296.637142857,-1.16,294.2,-3.74,93.6271428572,21.96,18.2671428571,437260.105888,2.215,1.84041122683,-2.04,135.4,150.16
2003,1,2,0,5.0,0,1.95999621746,-0.1787889,0.1319714,0.08526564,-0.14726902,296.811714286,3.25,296.63,-1.16,294.2,-3.74,93.6271428572,11.77,18.2614285714,354860.333527,2.215,1.86552837659,-1.76,135.5,150.16
2003,1,3,0,6.0,0,2.23299089276,-0.1787889,0.1319714,0.08526564,-0.14726902,296.820571429,3.25,296.63,-1.64,293.9,-3.74,94.11,11.77,18.2614285714,343454.108521,2.215,1.96863248287,-2.04,135.1,150.16
2003,1,4,0,2.0,0,0.753425355506,-0.1787889,0.1319714,0.08526564,-0.14726902,296.820571429,2.092857143,296.627142857,-1.64,293.9,-5.3,94.11,11.77,18.2357142857,444943.250498,2.215,1.82763852151,-2.04,135.2,150.16
2003,1,5,0,1.0,0,9.99996186681e-06,-0.1787889,0.1319714,0.08249712,-0.14726902,296.969142857,2.092857143,296.485714286,-1.64,293.8,-5.3,93.8914285715,11.77,18.1057142857,763819.246686,3.14,1.80320192731,-2.04,134.4,150.16
2003,2,6,0,2.0,0,0.753425355506,-0.1787889,0.08642857,0.08249712,-0.14726902,296.969142857,2.092857143,296.39,-2.28,293.4,-5.3,94.4635714286,11.77,18.0042857143,711988.654946,3.14,2.34097749092,-2.04,134.9,150.16
2003,2,7,0,2.0,0,0.753425355506,-0.1787889,0.08642857,0.07521432,-0.13531576,296.969142857,2.092857143,296.218571429,-2.36,293.4,-5.53,94.4635714286,11.77,17.8528571429,354733.426667,3.4,2.55549198367,-2.04,134.9,150.16
2003,2,8,0,3.0,0,1.25514274387,-0.1787889,0.08642857,0.07521432,-0.13531576,296.969142857,2.428571429,296.218571429,-2.36,293.2,-5.3,94.4635714286,11.77,17.8528571429,458147.239187,3.4,2.76169782607,-2.04,136.1,150.16
2003,2,9,0,5.0,0,1.95999621746,-0.1787889,0.08642857,0.08249712,-0.13531576,296.969142857,2.428571429,296.218571429,-2.36,293.2,-5.3,94.4535714286,11.77,17.8528571429,539295.08967,3.8,2.44788180353,-2.04,136.5,150.16
2003,3,10,0,1.0,0,9.99996186681e-06,-0.1787889,0.08642857,0.08249712,-0.130183655,296.969142857,2.428571429,296.218571429,-2.36,293.2,-5.3,94.4535714286,11.77,17.8528571429,414784.679539,3.8,2.26770789048,-2.38,136.4,131.24
2003,3,11,0,4.0,0,1.64156082859,-0.1787889,0.08642857,0.08249712,-0.14303402,296.728,2.428571429,296.218571429,-2.36,293.1,-2.54,95.3621428572,11.77,17.8528571429,219976.826407,3.8,2.39094098227,-2.5,136.0,131.24
2003,3,12,0,2.0,0,0.753425355506,-0.1787889,0.08642857,0.08249712,-0.122754335,296.728,2.428571429,296.392857143,-2.0,293.2,-2.54,95.2628571429,11.77,18.02,246104.342187,3.8,1.63584315619,-2.5,136.3,131.24
2003,3,13,0,4.0,0,1.64156082859,-0.1787889,0.08642857,0.08249712,-0.122754335,296.728,2.428571429,296.41,-2.0,293.4,-5.3,94.9,11.77,18.0442857143,386652.08263,5.8,3.01920094605,-2.5,135.7,115.44
2003,4,14,0,0.0,0,-3.93938135327,-0.1787889,0.08642857,0.08249712,-0.122754335,296.728,2.428571429,296.632857143,-1.76,293.2,-2.54,94.9,11.77,18.2528571429,331851.000053,5.8,2.90671576087,-2.5,135.0,115.44
2003,4,15,0,0.0,0,-3.93938135327,-0.1787889,0.08642857,0.08249712,-0.122754335,296.728,2.428571429,296.642857143,-1.84,293.4,-2.54,96.2207142857,25.03,18.2785714286,255910.175589,5.8,2.90607604167,-2.22,135.0,115.44
2003,4,16,0,0.0,0,-3.93938135327,-0.1787889,0.08642857,0.06642,-0.122754335,296.693428571,2.428571429,296.642857143,-1.96,293.4,-5.53,96.2207142857,25.03,18.2785714286,154101.425807,5.8,2.99071263587,-2.22,134.5,115.44
2003,4,17,0,0.0,0,-3.93938135327,-0.1787889,0.08642857,0.05058,-0.122754335,296.693428571,2.428571429,296.642857143,-1.96,293.4,-2.54,96.1314285715,25.03,18.2785714286,206996.652056,5.8,2.95008038949,-2.22,134.2,115.44
2003,4,18,0,1.0,0,9.99996186681e-06,-0.1787889,0.08642857,0.06109428,-0.122754335,296.682285714,2.428571429,296.642857143,-1.96,293.9,0.22,96.7735714285,25.03,18.2785714286,126182.890637,5.8,3.01140506743,-2.22,134.2,115.44
2003,5,19,0,1.0,0,9.99996186681e-06,-0.1787889,0.08642857,0.06109428,-0.122754335,296.604571429,2.428571429,296.642857143,-1.96,293.9,0.22,96.7735714285,25.03,18.2785714286,95350.8721102,5.8,2.9872857035,-2.22,135.8,96.99
2003,5,20,0,1.0,0,9.99996186681e-06,-0.1787889,0.08642857,0.06109428,-0.122754335,296.480571428,2.428571429,296.642857143,-1.96,293.4,2.4,97.705,25.03,18.2785714286,48696.0111388,5.8,2.99812809481,-2.22,135.2,134.09
2003,5,21,0,1.0,0,9.99996186681e-06,-0.1787889,0.08642857,0.06109428,-0.122754335,295.993714286,2.428571429,296.642857143,-1.96,293.4,2.4,97.705,23.7,18.2785714286,46815.4741233,5.8,3.02526034118,-2.22,134.6,134.09
2003,5,22,0,1.0,0,9.99996186681e-06,-0.1787889,0.08642857,0.06569718,-0.09534998,295.993714286,2.428571429,296.501428571,-1.96,293.4,5.3,97.705,23.7,18.1557142857,91662.7301154,5.8,3.06170744263,-2.14,134.6,101.78
2003,6,23,0,2.0,0,0.753425355506,-0.1787889,0.08642857,0.06569718,-0.09543143,295.993714286,2.428571429,296.16,-2.0,293.4,2.4,97.875,23.7,17.6885714286,60275.6623928,5.8,3.12104113829,-2.14,135.2,101.78
2003,6,24,0,3.0,0,1.25514274387,-0.1787889,0.08642857,0.06569718,-0.12199643,295.993714286,2.428571429,296.127142857,-2.0,293.3,5.3,97.875,23.7,17.6685714286,83810.2609115,5.8,3.07292904589,-2.14,134.1,101.78
2003,6,25,0,4.0,0,1.64156082859,-0.1488381,0.08642857,0.07121142,-0.12199643,295.904571429,2.428571429,296.127142857,-2.0,293.3,2.4,97.875,23.7,17.6685714286,104386.432752,5.8,3.12319874698,-2.14,132.5,101.78
2003,6,26,1,6.0,1,2.23299089276,-0.1488381,0.08642857,0.07121142,-0.12199643,295.485428571,2.428571429,296.117142857,-1.96,293.2,12.5,96.92,23.7,17.6514285714,143140.677247,5.8,3.10800852959,-2.14,132.4,101.78
2003,7,27,0,2.0,0,0.753425355506,-0.1488381,0.08642857,0.08541716,-0.12199643,295.180285715,2.428571429,296.08,-1.96,292.9,12.5,96.92,23.7,17.6185714286,137693.463314,5.8,3.28797229771,-2.14,131.8,101.78
2003,7,28,0,2.0,0,0.753425355506,-0.1488381,0.08642857,0.08541716,-0.12199643,295.180285715,2.428571429,296.08,-1.96,292.8,12.5,96.92,23.7,17.6185714286,149308.709452,5.8,3.31759208937,-1.48,130.1,101.78
2003,7,29,1,5.0,1,1.95999621746,-0.1488381,0.1213143,0.07121142,-0.12199643,295.180285715,2.314285714,296.08,-1.86,291.8,12.5,95.8992857143,23.7,17.6185714286,324920.507616,5.8,3.12114683977,-1.22,125.1,101.78
2003,7,30,0,1.0,0,9.99996186681e-06,-0.1488381,0.1213143,0.06569718,-0.12199643,295.180285715,2.314285714,296.08,-1.72,291.7,12.5,94.8514285714,2.64,17.6185714286,525124.052713,6.0333333333,2.87442059179,-1.42,121.5,65.51
2003,7,31,0,1.0,0,9.99996186681e-06,-0.1792286,0.1213143,0.06569718,-0.12199643,295.180285715,2.314285714,294.542857143,-1.72,291.7,12.5,94.8514285714,2.64,15.9857142857,607595.458428,6.0333333333,2.80655193237,-1.46,121.0,71.0
2003,8,32,0,0.0,0,-3.93938135327,-0.1792286,0.1213143,0.06569718,-0.12199643,295.180285715,2.314285714,294.154285714,-1.72,291.7,5.61,90.3914285714,2.64,15.6185714286,1174065.46007,6.0333333333,2.82013073671,-1.46,120.4,71.0
2003,8,33,0,0.0,0,-3.93938135327,-0.1792286,0.1213143,0.06569718,-0.12199643,295.180285715,2.314285714,294.118571429,-1.44,291.4,5.61,86.1335714285,2.64,15.5885714286,1924951.28177,6.0333333333,2.73319323671,-1.46,120.4,71.0
2003,8,34,0,0.0,0,-3.93938135327,-0.1792286,0.1213143,0.06316718,-0.12199643,295.180285715,2.314285714,294.118571429,-1.44,291.4,5.61,84.7692857143,2.64,15.5885714286,1916783.17166,6.0333333333,2.90606280193,-1.46,119.7,71.0
2003,8,35,0,0.0,0,-3.93938135327,-0.1792286,0.1213143,0.06316718,-0.10787003,295.180285715,2.314285714,294.118571429,-1.56,291.3,4.4,84.8264285714,2.64,15.5885714286,1738796.16286,6.0333333333,2.84839613526,-1.36,123.7,87.38
2003,9,36,0,2.0,0,0.753425355506,-0.1792286,0.1213143,0.06316718,-0.1008679,295.180285715,2.314285714,294.118571429,-1.56,291.3,5.61,84.8264285714,2.64,15.5885714286,1943104.71199,3.6,2.99071497584,-1.14,124.2,87.38
2003,9,37,0,0.0,0,-3.93938135327,-0.1792286,0.1213143,0.06316718,-0.1008679,295.180285715,2.314285714,293.927142857,-1.56,291.3,5.61,84.8264285714,2.64,15.4471428571,2387166.03812,3.6,1.77345048309,-1.36,123.9,87.38
2003,9,38,0,3.0,0,1.25514274387,-0.1792286,0.1213143,0.06316718,-0.1008679,295.180285715,2.314285714,293.927142857,-1.38,291.2,5.61,85.3778571429,2.64,15.4471428571,2031114.15446,3.6,1.88302149758,-1.36,119.4,87.38
2003,9,39,0,0.0,0,-3.93938135327,-0.1792286,0.1213143,0.06316718,-0.1008679,295.180285715,2.314285714,294.118571429,-1.38,291.2,5.61,86.9214285714,2.64,15.5885714286,1805132.28473,3.6,1.89038550221,-1.36,119.5,61.02
2003,10,40,0,0.0,0,-3.93938135327,-0.1792286,0.1213143,0.06316718,-0.1008679,295.180285715,2.314285714,294.932857143,-1.38,291.3,5.61,86.9214285714,2.64,16.4457142857,2082055.98751,3.6,1.9433226248,-1.46,121.3,61.02
2003,10,41,0,0.0,0,-3.93938135327,-0.2021214,0.1213143,0.06316718,-0.1008679,295.180285715,2.314285714,295.737142857,-1.38,292.0,4.4,90.1414285714,2.64,17.2628571429,2142167.84017,3.6,1.97362576489,-1.46,122.2,80.03
2003,10,42,0,2.0,0,0.753425355506,-0.2021214,0.1213143,0.06316718,-0.1008679,295.180285715,2.314285714,295.828571429,-1.56,292.0,4.4,91.2542857143,2.64,17.4514285714,1430508.05435,3.6,1.82244088164,-1.46,126.6,80.03
2003,10,43,0,2.0,0,0.753425355506,-0.2021214,0.1213143,0.06316718,-0.1008679,295.180285715,2.314285714,296.201428571,-1.38,292.5,4.4,91.2542857143,8.84,17.7971428571,1124085.81046,3.6,1.78026593699,-1.5,126.3,80.03
2003,10,44,0,3.0,0,1.25514274387,-0.2021214,0.1213143,0.06316718,-0.140969335,295.180285715,2.314285714,296.201428571,-1.38,292.5,4.4,91.2542857143,8.84,17.7971428571,1262917.1257,3.6,1.69492173409,-1.5,132.3,80.03
2003,11,45,0,3.0,0,1.25514274387,-0.2021214,0.1213143,0.08065718,-0.119087145,295.485428571,2.314285714,296.201428571,-1.38,292.5,4.4,91.2542857143,8.84,17.7971428571,1257202.56857,3.6,1.62440241042,-1.5,132.4,85.34
2003,11,46,0,3.0,0,1.25514274387,-0.2021214,0.1314714,0.08065718,-0.119087145,295.511428571,2.314285714,296.201428571,-1.38,292.5,4.4,91.2542857143,8.84,17.7971428571,1151919.59485,3.6,1.49047994666,-1.5,131.4,85.34
2003,11,47,0,1.0,0,9.99996186681e-06,-0.2021214,0.1314714,0.07825286,-0.11069574,295.511428571,2.314285714,296.224285714,-1.46,292.9,4.4,90.6128571429,8.84,17.8957142857,930057.530029,3.6,1.22910313506,-1.5,131.5,113.87
2003,11,48,0,2.0,0,0.753425355506,-0.2021214,0.1314714,0.07825286,-0.11069574,295.511428571,2.314285714,296.312857143,-1.46,293.0,4.4,89.6814285715,8.84,17.9142857143,989257.171806,3.6,1.18548258857,-1.5,130.6,113.87
2003,12,49,0,3.0,0,1.25514274387,-0.2021214,0.1314714,0.07825286,-0.11069574,295.511428571,1.75,296.312857143,-1.46,293.5,4.4,90.045,31.08,17.9142857143,963709.640828,3.6,1.19628006743,-1.5,131.9,121.16
2003,12,50,0,6.0,0,2.23299089276,-0.2021214,0.1314714,0.06223002,-0.11069574,295.606857143,1.75,296.53,-1.56,293.8,5.61,92.0571428571,31.08,18.27,659560.144255,3.6,1.17114419786,-1.5,131.6,121.16
2003,12,51,0,5.0,0,1.95999621746,-0.2021214,0.1314714,0.06223002,-0.127588605,296.546571429,1.75,296.725714286,-1.56,294.1,5.61,93.5742857142,31.08,18.3785714286,583610.794311,3.6,0.699963642309,-1.5,131.8,121.16
2003,12,52,0,1.0,0,9.99996186681e-06,-0.2021214,0.1314714,0.06223002,-0.127588605,296.546571429,1.75,296.725714286,-2.08,294.3,5.61,95.4271428571,31.08,18.3785714286,229835.971415,2.2333333333,0.767505535424,-1.5,133.3,127.55
2004,1,1,0,4.0,0,1.64156082859,-0.2021214,0.1314714,0.06223002,-0.159355065,296.334857143,1.75,296.725714286,-2.08,294.3,5.61,96.9371428571,31.08,18.3785714286,106385.370655,2.05,0.829470108693,-1.5,133.2,127.55
2004,1,2,0,5.0,0,1.95999621746,-0.23898,0.1314714,0.06223002,-0.201870025,296.334857143,1.75,296.725714286,-2.08,294.3,4.4,96.9371428571,31.08,18.3785714286,72710.6312821,2.4,1.00932518116,-1.5,133.6,127.55
2004,1,3,0,8.0,0,2.68850463997,-0.23898,0.1314714,0.06223002,-0.201870025,296.402285714,1.75,296.851428571,-2.08,294.3,6.6,96.9371428571,31.08,18.5328571429,51186.5710645,2.4,1.00932518116,-1.46,134.7,127.55
2004,1,4,0,5.0,0,1.95999621746,-0.23898,0.1314714,0.06223002,-0.16656789,296.427428571,1.871428572,296.851428571,-2.08,294.3,4.4,96.9371428571,29.23,18.5328571429,69486.4332588,2.4,1.01972373188,-1.42,134.0,127.55
2004,1,5,0,2.0,0,0.753425355506,-0.23898,0.1314714,0.06223002,-0.16656789,296.427428571,1.871428572,296.851428571,-2.08,294.3,0.0,96.9371428571,4.65,18.5328571429,113629.355757,2.4,1.08071444746,-1.42,134.2,127.55
2004,2,6,0,3.0,0,1.25514274387,-0.23898,0.0993,0.06223002,-0.16656789,296.427428571,1.871428572,296.851428571,-2.08,294.3,4.4,96.5328571429,4.65,18.5328571429,382384.111866,4.1,1.34720561594,-1.42,132.5,127.55
2004,2,7,0,3.0,0,1.25514274387,-0.23898,0.0993,0.06165144,-0.16656789,296.427428571,1.871428572,296.637142857,-2.52,294.3,4.4,95.9614285715,4.65,18.2557142857,776513.810787,4.1,1.34861865942,-1.42,133.0,127.55
2004,2,8,0,1.0,0,9.99996186681e-06,-0.23898,0.0993,0.07528576,-0.16656789,296.427428571,1.871428572,295.89,-2.52,294.3,4.4,91.9235714286,4.65,17.4914285714,1218446.78605,4.1,1.57097373188,-1.42,132.6,127.55
2004,2,9,0,6.0,0,2.23299089276,-0.23898,0.0993,0.07528576,-0.16656789,296.427428571,1.871428572,296.348571429,-2.52,294.3,4.4,90.3657142858,4.65,17.95,1394331.36395,4.5333333333,1.44510819243,-1.42,130.1,127.55
2004,3,10,0,4.0,0,1.64156082859,-0.23898,0.0993,0.07528576,-0.16656789,296.427428571,1.871428572,296.455714286,-2.28,294.3,4.4,92.7871428572,4.65,18.0942857143,1128237.5922,4.5333333333,1.42025311997,-1.3,130.6,127.55
2004,3,11,0,1.0,0,9.99996186681e-06,-0.23898,0.0993,0.09434922,-0.16656789,296.393142857,1.871428572,296.348571429,-2.52,294.3,4.4,94.6507142858,4.65,17.95,433574.027579,4.5333333333,1.43039402174,-1.3,130.8,127.55
2004,3,12,0,2.0,0,0.753425355506,-0.23898,0.0993,0.09880376,-0.16656789,296.393142857,2.014285715,296.348571429,-2.52,293.6,4.4,94.9585714286,4.65,17.95,301215.222,4.5333333333,1.34037930253,-1.1,131.9,167.33
2004,3,13,0,3.0,0,1.25514274387,-0.23898,0.0993,0.09880376,-0.11654143,296.393142857,2.014285715,296.455714286,-2.28,293.6,4.4,96.2635714286,4.65,18.0942857143,202497.628235,4.75,1.34502604166,-1.1,132.7,167.33
2004,4,14,0,1.0,0,9.99996186681e-06,-0.23898,0.0993,0.09880376,-0.093396445,296.393142857,2.014285715,296.607142857,-2.28,293.6,4.4,97.115,4.65,18.2371428571,108533.971081,4.75,1.4104517663,-1.1,133.4,123.32
2004,4,15,0,8.0,0,2.68850463997,-0.23898,0.0993,0.09880376,-0.093396445,296.393142857,2.014285715,296.621428571,-2.28,293.8,7.2,97.22,4.65,18.2485714286,87104.9603371,4.75,1.43760869565,-1.36,135.1,123.32
2004,4,16,0,4.0,0,1.64156082859,-0.23898,0.0993,0.09434922,-0.112316445,296.393142857,2.014285715,296.637142857,-2.28,293.8,4.4,97.22,4.65,18.3085714286,86146.2579434,4.75,1.4057105475,-1.1,134.5,123.32
2004,4,17,0,6.0,0,2.23299089276,-0.23898,0.0993,0.09434922,-0.112316445,296.393142857,2.014285715,296.771428571,-2.4,293.9,7.2,97.22,4.65,18.4085714286,98586.9981913,4.75,1.38971568035,-1.1,134.5,123.32
2004,4,18,0,7.0,0,2.47320159055,-0.23898,0.0993,0.0889657,-0.112316445,296.393142857,2.014285715,296.771428571,-2.4,293.8,7.4,97.875,13.2,18.4085714286,50660.7640341,4.75,1.48404991948,-1.1,135.4,123.32
2004,5,19,0,5.0,0,1.95999621746,-0.23898,0.0993,0.0889657,-0.112316445,296.393142857,2.014285715,296.815714286,-2.4,293.8,7.2,97.875,24.83,18.47,77257.665152,4.75,1.4816480475,-1.1,133.8,114.32
2004,5,20,1,8.0,2,2.68850463997,-0.23898,0.0993,0.0889657,-0.122255715,296.320571428,2.014285715,296.815714286,-2.56,293.6,1.04,97.1535714286,34.81,18.47,85512.5937572,4.75,1.61383403784,-1.1,130.6,114.32
2004,5,21,1,6.0,2,2.23299089276,-0.23898,0.0993,0.0889657,-0.122255715,296.320571428,2.014285715,296.815714286,-2.34,293.6,1.04,96.4621428571,34.81,18.47,124080.916226,4.75,1.91856833736,-1.1,130.8,167.3
2004,5,22,0,5.0,0,1.95999621746,-0.23898,0.07784286,0.0889657,-0.155334255,296.320571428,2.014285715,296.815714286,-2.34,293.6,1.04,96.4621428571,34.81,18.47,132957.929311,4.75,2.05047654992,-1.36,129.6,167.3
2004,6,23,1,6.0,3,2.23299089276,-0.23898,0.07784286,0.0889657,-0.155334255,296.320571428,2.014285715,296.771428571,-2.22,293.6,1.04,96.4621428571,34.81,18.4085714286,181392.60356,4.75,2.03547504026,-1.36,126.9,177.83
2004,6,24,1,6.0,3,2.23299089276,-0.23898,0.07784286,0.0889657,-0.155334255,296.297142857,2.014285715,296.708571429,-2.42,293.1,1.04,95.9957142857,34.81,18.34,181907.923456,4.75,2.09556561997,-1.36,125.2,177.83
2004,6,25,1,13.0,3,3.5314273997,-0.23898,0.07784286,0.0707714,-0.155334255,296.222857143,2.014285715,296.708571429,-2.42,293.0,1.04,95.7842857143,34.81,18.34,162524.292268,4.75,2.16918880837,-1.36,124.7,177.83
2004,6,26,0,2.0,0,0.753425355506,-0.23898,0.07784286,0.0707714,-0.12168996,295.748285714,2.014285715,295.958571429,-2.42,292.9,1.04,95.7842857143,32.95,17.5,236545.257064,4.75,2.14013574376,-1.32,123.8,177.83
2004,7,27,1,10.0,1,3.06387956889,-0.1562171,0.07784286,0.0707714,-0.12168996,295.737714285,2.014285715,295.82,-2.42,292.8,1.4,95.7842857143,32.95,17.4014285714,219834.83859,4.75,2.23693526067,-1.58,122.4,177.83
2004,7,28,0,3.0,0,1.25514274387,-0.1562171,0.07784286,0.0889657,-0.12168996,295.737714285,2.014285715,295.697142857,-2.42,292.6,1.4,95.7842857143,32.95,17.2128571429,216573.1941,4.75,2.11420881139,-1.58,123.7,177.83
2004,7,29,1,12.0,3,3.38568846431,-0.1562171,0.07784286,0.0889657,-0.12168996,295.737714285,2.014285715,295.697142857,-2.42,292.1,1.4,95.7721428572,32.95,17.2128571429,296701.496281,3.45,2.02540408615,-1.58,124.4,177.83
2004,7,30,1,7.0,3,2.47320159055,-0.1562171,0.07784286,0.0889657,-0.12168996,295.737714285,2.014285715,295.041428571,-2.42,292.0,1.04,93.52,32.95,16.5142857143,600127.105791,3.45,1.30217378724,-1.58,125.4,177.83
2004,7,31,1,6.0,3,2.23299089276,-0.1562171,0.07784286,0.0889657,-0.12168996,295.710857143,2.014285715,294.997142857,-2.42,291.8,1.4,93.5978571429,32.95,16.48,681612.254101,3.45,1.31064902878,-1.58,123.3,177.83
2004,8,32,0,5.0,0,1.95999621746,-0.1562171,0.07784286,0.0889657,-0.12168996,295.710857143,2.014285715,294.99,-2.42,291.8,1.04,93.5978571429,29.82,16.42,986483.041221,3.45,1.25956509159,-1.58,123.0,177.83
2004,8,33,1,6.0,4,2.23299089276,-0.1562171,0.07784286,0.07923998,-0.12168996,295.710857143,1.964285715,294.814285714,-2.42,291.8,1.04,91.7278571428,18.44,16.2528571429,1421402.08473,3.45,1.23746364231,-2.42,121.9,177.83
2004,8,34,1,6.0,4,2.23299089276,-0.1562171,0.07784286,0.07923998,-0.08657924,295.710857143,2.35,294.814285714,-2.18,291.8,1.04,91.7278571428,18.44,16.2528571429,2140665.79026,2.85,1.05185071961,-2.82,121.8,177.83
2004,8,35,1,6.0,4,2.23299089276,-0.1562171,0.07784286,0.07923998,-0.07312142,295.710857143,2.35,294.814285714,-2.18,291.7,1.4,91.7278571428,18.44,16.2528571429,2391546.36695,2.4833333333,0.898475115744,-2.82,121.7,177.83
2004,9,36,1,8.0,4,2.68850463997,-0.1562171,0.07784286,0.07923998,-0.06912215,295.710857143,2.35,294.814285714,-2.3,291.7,2.2,89.5335714286,18.44,16.2528571429,2609264.17347,2.325,0.913900840382,-2.82,120.7,196.1
2004,9,37,0,6.0,0,2.23299089276,-0.1562171,0.07784286,0.05746856,-0.111740675,295.710857143,2.35,294.988571429,-2.3,291.7,1.4,87.6414285715,18.44,16.48,3035008.40856,2.325,0.916636347628,-2.82,124.3,196.1
2004,9,38,1,9.0,3,2.88416246161,-0.1562171,0.07784286,0.05746856,-0.111740675,295.710857143,2.35,294.997142857,-2.3,291.7,1.4,89.9714285715,18.44,16.4842857143,2229001.47515,2.325,0.925392386275,-2.54,126.4,196.1
2004,9,39,1,12.0,3,3.38568846431,-0.1562171,0.07784286,0.05746856,-0.111740675,295.710857143,2.35,294.988571429,-2.3,291.7,1.4,89.9714285715,18.44,16.4842857143,2414533.8371,2.325,1.74628610608,-2.54,125.2,196.1
2004,9,40,1,19.0,3,4.26134916651,-0.1562171,0.07784286,0.03772566,-0.111740675,295.710857143,2.35,295.88,-2.1,291.8,1.4,89.9714285715,18.44,17.44,1970259.61107,2.325,2.32934770028,-2.54,125.3,176.83
2004,10,41,0,8.0,0,2.68850463997,-0.1562171,0.07784286,0.05746856,-0.101718905,295.710857143,2.35,295.88,-2.3,292.4,0.66,90.0128571429,18.44,17.44,1388392.74759,2.325,2.35714321659,-2.7,125.5,176.83
2004,10,42,1,16.0,2,3.9226526171,-0.1562171,0.07784286,0.07681718,-0.101718905,295.710857143,2.35,296.115714286,-2.3,292.7,1.4,92.68,18.44,17.67,1042631.26744,2.325,2.49040006039,-2.7,126.0,102.94
2004,10,43,1,21.0,2,4.46506148992,-0.2211714,0.07784286,0.07681718,-0.17798361,295.710857143,2.35,296.115714286,-2.1,292.8,1.4,92.68,18.44,17.7114285714,1333699.16293,2.325,2.48061996779,-2.7,125.4,102.94
2004,10,44,0,6.0,0,2.23299089276,-0.2211714,0.07784286,0.08846862,-0.17798361,295.710857143,2.35,296.115714286,-2.1,292.8,1.4,91.4928571428,18.44,17.7114285714,1839437.88552,2.325,2.44255233494,-2.7,126.3,102.94
2004,11,45,1,22.0,7,4.56140936949,-0.2211714,0.1170667,0.08846862,-0.17798361,295.710857143,2.35,296.178571429,-2.3,293.3,2.2,91.4928571428,18.44,17.8057142857,1485087.29718,2.625,2.55658766103,-2.7,129.3,102.94
2004,11,46,1,37.0,7,5.71370641442,-0.2211714,0.15128,0.08846862,-0.17798361,295.710857143,2.35,296.295714286,-2.42,293.3,2.2,95.2571428572,23.78,17.9014285714,755283.368053,2.625,2.34861664654,-2.7,129.9,102.94
2004,11,47,1,33.0,7,5.44777828475,-0.2211714,0.15128,0.08846862,-0.17798361,295.710857143,3.528571429,296.295714286,-2.1,293.3,1.4,95.2571428572,35.61,17.9014285714,996045.218391,2.625,2.40640650161,-2.7,131.8,102.94
2004,11,48,1,18.0,7,4.15329598708,-0.2211714,0.15128,0.08846862,-0.17798361,295.710857143,3.528571429,296.484285714,-2.42,293.3,2.2,95.8028571429,35.61,18.1214285714,943263.335024,2.625,2.34212373188,-2.7,133.0,102.94
2004,12,49,1,83.0,7,7.81193878605,-0.2211714,0.15128,0.08846862,-0.16470507,296.044,3.528571429,296.484285714,-2.42,293.3,2.2,95.8028571429,35.61,18.1214285714,785540.692685,2.45,2.28173967391,-2.7,133.0,102.94
2004,12,50,1,116.0,7,8.80629342009,-0.2211714,0.15128,0.08846862,-0.16470507,296.044,3.528571429,296.574285714,-2.86,293.6,2.2,95.8028571429,35.61,18.2071428571,414641.548923,2.45,2.27774669384,-2.7,134.1,102.94
2004,12,51,1,32.0,7,5.37747826686,-0.2211714,0.15128,0.10378002,-0.16470507,296.227142857,3.528571429,296.484285714,-2.86,293.6,2.2,95.8028571429,35.61,18.1214285714,397411.136034,2.45,2.11695865036,-2.7,134.9,126.07
2004,12,52,0,7.0,0,2.47320159055,-0.2211714,0.15128,0.11467428,-0.16470507,296.547428571,3.528571429,296.574285714,-2.86,293.6,0.66,94.595,35.61,18.2071428571,551587.504471,2.45,2.16205285326,-2.54,135.1,126.07
2005,1,53,1,9.0,1,2.88416246161,-0.2211714,0.15128,0.1173086,-0.16470507,296.586571429,3.528571429,297.02,-2.78,293.8,0.2,94.595,35.61,18.7142857143,389833.62279,2.45,2.15724125906,-2.54,135.2,126.07
2005,1,1,0,10.0,0,3.06387956889,-0.2211714,0.15128,0.1173086,-0.16470507,296.586571429,3.528571429,297.02,-2.78,293.8,0.2,93.5957142858,35.61,18.7142857143,480607.155895,2.7666666667,2.12926843297,-2.54,135.6,126.07
2005,1,2,0,5.0,0,1.95999621746,-0.2211714,0.15128,0.1173086,-0.10828574,296.657714286,3.528571429,297.02,-2.78,293.8,3.8,94.7342857143,35.61,18.7142857143,317062.86947,2.7666666667,2.06500756341,-2.54,135.7,122.28
2005,1,3,0,8.0,0,2.68850463997,-0.2211714,0.15128,0.1173086,-0.10828574,297.238285715,3.528571429,297.02,-2.78,293.8,3.8,94.3914285715,49.56,18.7142857143,553988.969731,2.7666666667,2.03183707227,-2.54,135.8,122.28
2005,1,4,0,7.0,0,2.47320159055,-0.2211714,0.15128,0.1173086,-0.10828574,297.248571429,3.528571429,296.931428571,-2.78,294.5,11.7,94.3914285715,25.67,18.6457142857,541592.013764,2.7666666667,2.08054117855,-2.54,135.3,122.28
2005,2,5,0,8.0,0,2.68850463997,-0.2211714,0.15128,0.1173086,-0.10828574,297.587428572,3.528571429,296.931428571,-2.78,294.8,5.06,94.3914285715,25.67,18.6457142857,614932.598962,2.4,1.97884514896,-2.14,134.9,122.28
2005,2,6,0,11.0,0,3.23037046514,-0.2211714,0.15128,0.1173086,-0.099910065,297.248571429,3.528571429,296.931428571,-3.16,294.8,5.06,95.7535714286,25.67,18.6457142857,387535.648304,2.4,1.98836447263,-1.86,133.7,122.28
2005,2,7,0,6.0,0,2.23299089276,-0.2211714,0.1593667,0.1173086,-0.099910065,297.248571429,3.528571429,297.122857143,-3.16,294.8,9.5,95.8628571429,25.67,18.8557142857,277459.636926,2.4,2.00795867553,-2.14,133.0,169.53
2005,2,8,0,7.0,0,2.47320159055,-0.2211714,0.1593667,0.10378002,-0.082167195,297.248571429,3.528571429,296.931428571,-3.16,294.8,5.06,95.8628571429,25.67,18.6457142857,301586.561876,2.5166666666,1.88539104268,-2.1,132.9,169.53
2005,3,9,0,7.0,0,2.47320159055,-0.2211714,0.1593667,0.10378002,-0.082167195,297.248571429,3.528571429,296.931428571,-3.16,294.8,5.06,95.8628571429,25.67,18.6457142857,212817.687061,2.5166666666,1.91487654993,-2.1,133.7,169.53
2005,3,10,1,14.0,1,3.66885124355,-0.2211714,0.1370833,0.10378002,-0.123097165,297.248571429,3.528571429,297.045714286,-3.16,294.8,5.06,96.8321428571,25.67,18.7314285714,102907.551111,2.5166666666,2.05227268519,-1.48,135.0,169.53
2005,3,11,0,7.0,0,2.47320159055,-0.2211714,0.1370833,0.10378002,-0.14919076,297.197714286,3.528571429,297.045714286,-2.74,294.5,5.06,96.8321428571,25.67,18.7314285714,86070.9945836,2.5166666666,1.67018180355,-1.48,135.3,169.53
2005,3,12,0,9.0,0,2.88416246161,-0.2211714,0.1370833,0.10378002,-0.14919076,297.197714286,3.528571429,297.045714286,-2.74,294.7,5.06,96.7178571428,25.67,18.7314285714,155070.056357,2.5166666666,1.68648127517,-1.48,136.4,169.53
2005,4,13,1,13.0,2,3.5314273997,-0.2211714,0.1370833,0.1187644,-0.14919076,297.197714286,3.528571429,297.045714286,-2.74,294.7,9.5,96.0442857142,25.67,18.7314285714,169340.306943,2.5166666666,1.64308997082,-1.0,134.9,169.53
2005,4,14,1,16.0,2,3.9226526171,-0.2211714,0.1370833,0.1187644,-0.14919076,297.197714286,3.528571429,297.045714286,-2.74,294.5,5.06,96.0442857142,25.67,18.7314285714,182271.748564,2.4833333333,1.66752777276,-1.0,134.1,169.53
2005,4,15,0,7.0,0,2.47320159055,-0.1984,0.1370833,0.1187644,-0.14919076,297.197714286,2.721428571,297.202857143,-2.38,294.5,5.06,97.505,25.67,18.8857142857,145882.379866,2.4833333333,1.68574818338,-1.0,133.3,169.53
2005,4,16,1,9.0,1,2.88416246161,-0.1984,0.1370833,0.10069428,-0.14919076,297.197714286,2.721428571,297.045714286,-2.16,294.4,9.5,97.3521428571,25.67,18.7314285714,161851.75281,2.3833333333,1.43292873894,-1.0,132.6,169.53
2005,4,17,0,2.0,0,0.753425355506,-0.1984,0.1370833,0.10069428,-0.14919076,297.197714286,2.721428571,297.202857143,-2.38,294.4,9.5,97.3521428571,37.6,18.8857142857,137588.784382,2.3833333333,1.41741303846,-1.0,133.8,169.53
2005,5,18,1,13.0,2,3.5314273997,-0.1984,0.1345833,0.10069428,-0.14919076,297.317428571,2.721428571,297.202857143,-2.16,294.4,9.2,97.3521428571,33.29,18.8857142857,89832.4326162,2.6166666666,1.59192692735,-1.0,132.3,169.53
2005,5,19,1,8.0,2,2.68850463997,-0.1984,0.1345833,0.10069428,-0.14919076,297.317428571,2.721428571,296.961428571,-2.16,294.1,9.2,97.3521428571,33.29,18.5971428571,109178.368479,2.6166666666,1.7217150916,-1.0,132.5,169.53
2005,5,20,0,3.0,0,1.25514274387,-0.1984,0.1345833,0.10069428,-0.14919076,297.317428571,2.721428571,296.961428571,-1.98,294.0,5.06,97.3521428571,33.29,18.5971428571,97375.3016167,2.6833333333,1.79921146841,-1.0,134.5,169.53
2005,5,21,0,5.0,0,1.95999621746,-0.1660024,0.1345833,0.10069428,-0.14919076,297.317428571,2.721428571,296.961428571,-1.98,294.0,5.06,97.2721428572,33.29,18.5971428571,166123.565788,2.6833333333,1.78505869063,-1.0,134.4,151.8
2005,6,22,0,4.0,0,1.64156082859,-0.1660024,0.1345833,0.1187644,-0.130128635,297.317428571,2.721428571,296.961428571,-1.48,294.0,9.2,96.55,33.29,18.5971428571,310540.31898,2.6833333333,1.82938055053,-1.0,132.6,151.8
2005,6,23,1,8.0,1,2.68850463997,-0.1660024,0.1345833,0.11183008,-0.120323605,297.306285714,2.721428571,296.961428571,-1.98,293.7,9.5,95.265,33.29,18.5971428571,335249.978769,2.6833333333,1.77881291768,-1.0,130.9,151.8
2005,6,24,0,2.0,0,0.753425355506,-0.1660024,0.1345833,0.0952314,-0.120323605,297.306285714,2.271428571,296.575714286,-1.98,293.7,9.2,94.2557142858,33.29,18.1814285714,468721.867272,3.2,1.7114940771,-1.0,131.9,151.8
2005,6,25,0,3.0,0,1.25514274387,-0.1660024,0.1345833,0.0952314,-0.120323605,297.306285714,2.271428571,296.352857143,-1.98,293.7,5.06,94.2557142858,33.29,17.9571428571,530110.709672,3.7083333333,1.69351581623,-1.0,133.3,151.8
2005,7,26,1,5.0,2,1.95999621746,-0.1660024,0.1345833,0.09305772,-0.107571415,296.916857143,2.271428571,296.341428571,-1.98,293.6,9.2,91.8935714286,23.6,17.94,754002.164706,3.7083333333,1.7185780143,-0.88,130.5,105.55
2005,7,27,1,7.0,2,2.47320159055,-0.1660024,0.1345833,0.09305772,-0.118964335,296.916857143,2.271428571,296.227142857,-1.98,293.6,5.06,91.8935714286,23.6,17.7885714286,764829.872029,3.7083333333,1.6691806713,-0.88,129.7,105.55
2005,7,28,0,3.0,0,1.25514274387,-0.1660024,0.1345833,0.0960543,-0.118964335,296.853714286,2.271428571,295.804285714,-1.98,293.4,4.91,91.8935714286,23.6,17.4071428571,902302.859013,3.7083333333,1.51391255535,-0.88,126.4,127.33
2005,7,29,1,5.0,2,1.95999621746,-0.1660024,0.1343286,0.09304632,-0.124756465,296.853714286,2.271428571,295.678571429,-1.48,293.4,0.5,88.7907142857,23.6,17.2,1700355.58691,3.7083333333,1.85806465378,-0.88,122.6,127.33
2005,7,30,1,6.0,2,2.23299089276,-0.1660024,0.1343286,0.09304632,-0.124756465,296.835714286,2.271428571,295.32,-1.64,292.7,0.5,86.54,23.6,16.8242857143,2010805.76944,7.175,2.5095352657,-0.7,119.1,104.42
2005,8,31,0,5.0,0,1.95999621746,-0.1660024,0.1343286,0.09304632,-0.124756465,296.916571429,2.271428571,294.644285714,-1.64,292.6,0.5,86.54,0.0,16.1685714286,2202571.98723,7.175,2.54815483091,-0.88,115.9,104.42
2005,8,32,0,5.0,0,1.95999621746,-0.1660024,0.1343286,0.10323714,-0.124756465,296.916571429,2.271428571,294.528571429,-1.64,292.6,0.2,84.4657142857,0.0,16.0385714286,2501722.90959,7.175,2.68743653381,-0.7,114.9,104.42
2005,8,33,0,4.0,0,1.64156082859,-0.1660024,0.1343286,0.10323714,-0.124756465,296.916571429,2.271428571,294.408571429,-1.64,292.4,0.2,80.8057142857,0.0,15.8771428571,3200402.28073,7.175,2.86280700483,-0.7,110.6,104.42
2005,8,34,0,0.0,0,-3.93938135327,-0.1660024,0.1343286,0.10323714,-0.124756465,296.916571429,2.271428571,294.408571429,-1.68,292.4,0.5,84.0464285715,0.0,15.8771428571,2929509.70558,7.175,2.83358961352,-0.66,113.3,104.42
2005,9,35,0,0.0,0,-3.93938135327,-0.1660024,0.1343286,0.10323714,-0.124756465,296.916571429,2.271428571,293.918571429,-1.68,292.4,0.2,84.0464285715,0.0,15.4285714286,2372097.71087,7.175,2.83205338164,-0.66,116.5,76.61
2005,9,36,0,0.0,0,-3.93938135327,-0.1660024,0.1343286,0.1349771,-0.124756465,296.916571429,2.271428571,293.918571429,-1.68,292.4,-2.69,81.7507142857,0.0,15.4285714286,3225515.30091,7.175,2.77323218599,-0.66,119.8,76.61
2005,9,37,0,0.0,0,-3.93938135327,-0.1660024,0.1343286,0.1349771,-0.124756465,296.916571429,2.271428571,294.005714286,-1.68,292.6,-2.69,83.7921428572,0.0,15.5185714286,2788225.29121,7.175,2.75203653381,-0.66,122.4,76.61
2005,9,38,0,0.0,0,-3.93938135327,-0.2069666,0.1343286,0.10323714,-0.128002785,296.916571429,2.271428571,294.005714286,-1.46,292.6,-4.82,83.7921428572,0.0,15.5185714286,2696700.89713,7.175,2.91822866344,-0.66,119.5,76.61
2005,10,39,0,2.0,0,0.753425355506,-0.2069666,0.1343286,0.11121714,-0.128002785,296.916571429,3.164285715,294.005714286,-1.46,292.9,-5.79,83.7921428572,0.0,15.5185714286,2816071.963,7.175,3.33310336151,-0.66,122.9,76.61
2005,10,40,0,4.0,0,1.64156082859,-0.2069666,0.1343286,0.11121714,-0.128002785,296.916571429,3.164285715,294.005714286,-1.36,292.9,-4.82,81.6885714286,0.0,15.5185714286,3217836.52309,7.175,4.18170692431,-0.56,123.6,76.61
2005,10,41,0,4.0,0,1.64156082859,-0.2069666,0.1343286,0.11121714,-0.107672885,296.916571429,3.164285715,294.385714286,-1.36,292.9,-4.82,80.1628571429,0.0,15.9157142857,3436279.73352,7.175,4.14176127214,-0.52,124.5,128.82
2005,10,42,0,3.0,0,1.25514274387,-0.2069666,0.1343286,0.11121714,-0.107672885,296.916571429,3.164285715,294.945714286,-1.46,292.9,-2.69,82.7107142857,0.0,16.44,3067595.55379,7.175,3.83214774557,-0.52,124.4,128.82
2005,10,43,0,3.0,0,1.25514274387,-0.2069666,0.1343286,0.11121714,-0.107672885,296.916571429,3.164285715,295.658571429,-1.46,292.9,0.2,85.4171428572,0.0,17.2228571429,2670352.96409,7.175,3.80979418276,-0.84,123.9,154.28
2005,11,44,0,5.0,0,1.95999621746,-0.2273143,0.1343286,0.11121714,-0.15004635,296.916571429,3.164285715,295.768571429,-1.46,293.2,0.2,88.1871428572,2.56,17.3642857143,2443777.56108,7.175,3.79723379629,-0.84,128.8,154.28
2005,11,45,0,6.0,0,2.23299089276,-0.2273143,0.1343286,0.12086854,-0.15004635,296.916571429,3.164285715,295.802857143,-1.46,293.2,0.2,89.2264285715,2.56,17.4171428571,1598578.96336,7.175,3.61008403784,-0.6,130.4,154.28
2005,11,46,0,14.0,0,3.66885124355,-0.2273143,0.1343286,0.13954,-0.15004635,296.916571429,3.164285715,296.36,-1.46,293.4,-2.69,91.2435714285,2.56,17.9742857143,1106992.83128,7.175,3.42301127214,-1.02,130.9,154.28
2005,11,47,0,3.0,0,1.25514274387,-0.2273143,0.1343286,0.12086854,-0.15004635,296.916571429,3.164285715,296.805714286,-1.46,294.0,0.2,91.7628571429,2.56,18.55,844454.189142,7.175,3.28052938808,-1.02,130.4,154.28
2005,12,48,0,7.0,0,2.47320159055,-0.2273143,0.1343286,0.13954,-0.15004635,296.916571429,3.164285715,296.805714286,-1.5,294.1,0.2,91.7628571429,2.56,18.55,671030.69172,6.725,3.22177938808,-1.02,130.4,154.28
2005,12,49,0,11.0,0,3.23037046514,-0.2273143,0.1343286,0.13954,-0.15004635,296.916571429,3.164285715,296.805714286,-1.5,294.8,0.2,91.7628571429,2.56,18.55,706523.224174,6.725,3.1917627818,-1.02,130.6,154.28
2005,12,50,0,2.0,0,0.753425355506,-0.2273143,0.1343286,0.12086854,-0.104167165,296.916571429,3.164285715,296.895714286,-1.5,294.9,0.2,93.0671428571,2.56,18.5828571429,537144.808843,6.725,2.92477455716,-1.02,131.1,154.28
2005,12,51,0,6.0,0,2.23299089276,-0.2273143,0.1343286,0.12086854,-0.181827165,297.149714286,3.164285715,297.187142857,-1.8,295.0,0.4,94.4257142857,29.8,18.9157142857,359151.315485,6.725,2.99453301127,-1.02,131.7,154.28
2006,1,52,1,8.0,3,2.68850463997,-0.2273143,0.1413333,0.12086854,-0.181827165,297.149714286,3.164285715,297.187142857,-1.8,295.0,4.01,94.7478571428,46.91,18.9157142857,309985.359108,6.725,3.09917673108,-1.02,132.6,173.32
2006,1,1,1,25.0,3,4.83170960771,-0.2273143,0.1413333,0.12086854,-0.181827165,297.839714285,3.164285715,297.187142857,-1.8,295.0,0.4,94.7478571428,38.78,18.9157142857,428216.95441,4.0583333333,3.08975644122,-1.02,130.5,173.32
2006,1,2,1,21.0,3,4.46506148992,-0.2273143,0.1413333,0.12086854,-0.181827165,298.030285714,3.164285715,297.187142857,-1.8,295.0,4.01,94.7478571428,38.78,18.9157142857,435133.821515,4.0583333333,1.7708373591,-1.02,130.2,173.32
2006,1,3,0,10.0,0,3.06387956889,-0.2273143,0.1336429,0.12086854,-0.181827165,298.088857143,3.164285715,297.187142857,-1.8,295.0,4.6,94.7478571428,38.78,18.9157142857,437183.117377,4.0583333333,1.75238325282,-1.42,130.2,173.32
2006,1,4,1,28.0,6,5.07829476262,-0.2273143,0.1336429,0.12086854,-0.15897141,298.030285714,3.164285715,296.935714286,-2.12,295.0,4.6,94.7478571428,38.78,18.5842857143,331314.731811,4.0583333333,1.97391103059,-1.42,130.2,192.77
2006,2,5,1,39.0,6,5.83851497427,-0.2273143,0.1336429,0.13954,-0.15897141,297.355142857,3.164285715,296.935714286,-2.16,295.0,4.6,95.5707142857,34.17,18.5842857143,282420.266984,4.0583333333,2.16496779388,-1.56,128.8,192.77
2006,2,6,1,20.0,6,4.36514827569,-0.2273143,0.1336429,0.13954,-0.15897141,297.278857143,3.164285715,296.935714286,-2.16,294.9,4.6,96.5735714285,34.17,18.5842857143,221238.313595,4.0583333333,2.18651972624,-1.56,130.0,192.77
2006,2,7,1,24.0,6,4.74449973734,-0.2273143,0.1336429,0.13954,-0.15897141,297.170285715,3.164285715,296.808571429,-2.16,294.9,4.6,96.5735714285,34.17,18.4428571429,130895.057927,4.0583333333,2.34088113929,-1.56,134.5,192.77
2006,2,8,1,28.0,6,5.07829476262,-0.2273143,0.1248,0.13954,-0.15897141,297.170285715,2.635714286,296.647142857,-2.16,294.4,4.6,96.5735714285,23.44,18.2642857143,142811.80453,4.0583333333,2.32647045088,-1.56,134.4,192.77
2006,3,9,1,26.0,6,4.91629820707,-0.2273143,0.1248,0.11805718,-0.161872055,297.170285715,2.635714286,296.647142857,-2.16,294.4,4.6,96.5735714285,23.44,18.2642857143,125406.615853,3.3916666667,2.38324571256,-1.56,134.8,192.77
2006,3,10,0,8.0,0,2.68850463997,-0.2273143,0.1248,0.13120288,-0.161872055,297.170285715,2.635714286,296.764285714,-2.38,294.4,11.78,96.84,23.44,18.4014285714,129442.690846,3.3916666667,2.36038228663,-1.56,134.4,192.77
2006,3,11,0,9.0,0,2.88416246161,-0.2273143,0.1158857,0.13120288,-0.145916055,297.170285715,2.635714286,296.764285714,-2.38,294.4,11.78,96.0935714285,23.44,18.4014285714,164228.323528,2.9666666667,2.09796803543,-1.56,135.3,192.77
2006,3,12,1,12.0,2,3.38568846431,-0.2273143,0.1158857,0.13965142,-0.145916055,297.170285715,2.635714286,296.764285714,-2.38,294.4,11.17,95.0735714285,23.44,18.4014285714,208428.045169,2.9666666667,1.35905982287,-1.56,134.7,192.77
2006,4,13,1,18.0,2,4.15329598708,-0.2273143,0.1158857,0.13965142,-0.165094865,297.170285715,2.635714286,296.808571429,-2.16,294.5,11.17,95.6921428572,23.44,18.4428571429,199028.349015,2.7666666667,1.25932069243,-1.56,132.5,192.77
2006,4,14,0,9.0,0,2.88416246161,-0.2273143,0.1158857,0.13965142,-0.165094865,297.170285715,2.635714286,296.808571429,-1.86,294.4,4.6,95.6921428572,23.44,18.4428571429,176621.183894,2.7666666667,0.982396779388,-1.56,133.8,192.77
2006,4,15,1,9.0,1,2.88416246161,-0.2273143,0.1158857,0.13965142,-0.165094865,297.170285715,2.635714286,296.965714286,-2.16,294.3,4.6,95.935,23.44,18.7142857143,163421.735987,2.7666666667,0.95330770934,-1.56,133.3,192.77
2006,4,16,0,6.0,0,2.23299089276,-0.2273143,0.1158857,0.13965142,-0.165094865,297.170285715,2.635714286,296.965714286,-2.16,294.0,3.02,95.2671428572,23.44,18.7142857143,189627.448662,2.7666666667,1.0772904992,-1.56,133.9,192.77
2006,4,17,0,6.0,0,2.23299089276,-0.2126,0.1158857,0.13965142,-0.165094865,297.084571428,2.635714286,296.965714286,-1.86,293.9,3.02,95.2671428572,23.44,18.7142857143,209710.192716,2.8,1.17199057971,-1.56,131.0,192.77
2006,5,18,1,8.0,1,2.68850463997,-0.2126,0.0846,0.13965142,-0.165094865,297.084571428,2.635714286,296.965714286,-1.86,293.9,0.0,95.2671428572,23.44,18.7142857143,240309.929007,3.65,1.19867807971,-1.56,130.5,192.77
2006,5,19,0,5.0,0,1.95999621746,-0.2126,0.0846,0.10387714,-0.165094865,296.892857143,2.635714286,296.581428571,-2.06,293.9,3.02,95.8042857143,23.44,18.2,228960.589444,5.65,2.04325054348,-1.66,130.2,159.92
2006,5,20,0,7.0,0,2.47320159055,-0.2126,0.0846,0.11574862,-0.165094865,296.317428571,2.635714286,296.457142857,-2.06,293.8,0.0,95.8042857143,1.52,18.0828571429,295940.105162,5.65,2.09255489131,-1.66,127.0,159.92
2006,5,21,1,6.0,1,2.23299089276,-0.2126,0.0846,0.08081716,-0.125807815,296.317428571,2.635714286,296.457142857,-2.06,293.6,3.02,94.8671428572,1.52,18.0828571429,433666.077179,5.65,1.76126423108,-1.66,127.3,159.92
2006,6,22,0,5.0,0,1.95999621746,-0.27991427,0.0846,0.08081716,-0.220316525,296.080285714,2.635714286,296.384285714,-2.06,292.9,3.02,94.8671428572,1.52,17.9628571429,401203.549328,5.65,1.59833880837,-1.7,124.1,159.92
2006,6,23,0,3.0,0,1.25514274387,-0.27991427,0.0846,0.11574862,-0.220316525,296.080285714,2.635714286,296.384285714,-2.06,292.9,0.0,94.8671428572,1.52,17.9628571429,460312.727867,5.65,1.62027238325,-1.7,126.1,127.37
2006,6,24,0,1.0,0,9.99996186681e-06,-0.27991427,0.0846,0.11574862,-0.220316525,296.080285714,2.635714286,295.695714286,-2.06,292.3,0.0,94.7871428572,1.52,17.1957142857,550968.545237,5.65,2.06911296296,-1.7,125.0,127.37
2006,6,25,0,0.0,0,-3.93938135327,-0.27991427,0.0846,0.11574862,-0.17196894,296.080285714,2.635714286,295.452857143,-2.06,291.8,0.0,92.9907142857,1.52,16.9771428571,896511.318219,5.65,2.09565070451,-1.7,123.7,127.37
2006,7,26,0,1.0,0,9.99996186681e-06,-0.27991427,0.0846,0.11574862,-0.17196894,296.080285714,2.635714286,295.452857143,-2.06,291.7,-0.76,92.9907142857,1.52,16.9771428571,778494.81675,5.65,2.02896471417,-1.7,124.1,127.37
2006,7,27,0,2.0,0,0.753425355506,-0.27991427,0.0846,0.13043428,-0.17196894,296.080285714,2.635714286,294.75,-2.06,291.7,-0.76,92.9907142857,1.52,16.2585714286,570078.881558,5.65,1.93248162238,-1.7,124.1,127.37
2006,7,28,0,3.0,0,1.25514274387,-0.27991427,0.0846,0.13043428,-0.199106215,296.080285714,2.635714286,294.592857143,-1.76,291.8,-0.91,91.9542857143,1.17,16.0257142857,946189.015037,5.65,1.95411779388,-1.66,125.4,127.37
2006,7,29,0,2.0,0,0.753425355506,-0.27991427,0.0846,0.1493257,-0.199106215,296.080285714,2.2,294.592857143,-1.76,291.8,-0.91,89.4521428572,1.17,16.0257142857,1169447.09724,5.65,2.21301642009,-1.62,123.8,127.37
2006,7,30,0,2.0,0,0.753425355506,-0.27991427,0.0846,0.13043428,-0.199106215,296.080285714,2.2,294.592857143,-1.76,291.3,-0.91,89.4521428572,1.17,16.0257142857,1360207.97126,8.8,2.25342028482,-1.5,120.9,127.37
2006,8,31,0,2.0,0,0.753425355506,-0.27991427,0.0846,0.13043428,-0.199106215,296.080285714,2.2,294.75,-1.76,291.8,-0.91,89.57,1.17,16.2585714286,1416057.57008,8.8,2.35921972625,-1.5,120.2,127.37
2006,8,32,0,2.0,0,0.753425355506,-0.27991427,0.0846,0.13043428,-0.199106215,296.080285714,2.2,294.592857143,-1.64,291.8,-0.91,89.57,1.17,16.0057142857,1611895.31914,8.8,2.56469508857,-1.5,119.8,127.37
2006,8,33,0,2.0,0,0.753425355506,-0.27991427,0.0846,0.13043428,-0.199106215,296.080285714,2.2,294.592857143,-1.06,292.1,-0.91,86.9235714286,1.17,16.0057142857,2076976.22662,8.8,2.56802359098,-1.5,119.0,95.42
2006,8,34,0,4.0,0,1.64156082859,-0.27991427,0.0846,0.13043428,-0.119288925,296.080285714,2.2,295.144285714,-1.06,292.1,-0.76,86.9235714286,1.17,16.6914285714,2048417.8035,8.8,2.56381616344,-1.5,119.3,95.42
2006,9,35,0,0.0,0,-3.93938135327,-0.27991427,0.0846,0.11516194,-0.119288925,296.080285714,2.2,295.2,-1.06,292.5,-0.91,87.04,1.17,16.7071428571,2080341.19783,8.8,2.53440795088,-1.8,119.7,110.0
2006,9,36,0,6.0,0,2.23299089276,-0.27991427,0.0846,0.11516194,-0.109569655,296.080285714,2.2,295.2,-1.06,292.5,-1.36,87.04,1.17,16.7071428571,2438058.4038,8.8,2.60367606683,-1.8,121.8,110.0
2006,9,37,0,3.0,0,1.25514274387,-0.27991427,0.0846,0.10196008,-0.109569655,296.080285714,2.2,295.2,-1.4,292.5,-1.36,84.9964285715,1.17,16.7071428571,2459771.39213,8.8,2.71774822866,-1.8,119.9,110.0
2006,9,38,0,2.0,0,0.753425355506,-0.27991427,0.0846,0.11516194,-0.109569655,296.080285714,2.2,295.2,-1.06,292.1,-0.76,84.9964285715,1.17,16.7071428571,2764369.25144,8.8,2.7369752818,-1.8,121.9,94.55
2006,10,39,0,6.0,0,2.23299089276,-0.27991427,0.0846,0.11516194,-0.109569655,296.080285714,2.2,295.272857143,-1.4,292.5,1.41,84.21,1.17,16.7771428571,3037345.9091,8.8,2.92397165861,-1.96,123.0,94.55
2006,10,40,0,2.0,0,0.753425355506,-0.27991427,0.0846,0.11516194,-0.075587895,296.080285714,2.2,295.272857143,-1.36,292.5,1.41,84.1092857143,1.17,16.7771428571,3445405.05532,8.8,3.41979683978,-1.96,123.2,94.55
2006,10,41,0,7.0,0,2.47320159055,-0.27991427,0.1010667,0.11516194,-0.13262356,296.080285714,2.2,295.545714286,-1.36,292.7,4.46,84.8492857143,11.79,17.0657142857,3718570.162,8.8,3.22427026973,-2.0,125.0,94.82
2006,10,42,0,4.0,0,1.64156082859,-0.27991427,0.1010667,0.11516194,-0.128797155,296.080285714,1.692857143,295.738571429,-1.24,293.1,4.46,88.6157142858,11.79,17.2542857143,2321687.92632,7.9,3.12732582529,-2.0,127.2,94.82
2006,10,43,0,6.0,0,2.23299089276,-0.27991427,0.1010667,0.13707428,-0.12070429,296.080285714,1.692857143,296.661428571,-1.24,293.8,4.46,90.0392857143,11.79,18.3114285714,1914733.80052,7.0,1.74995191224,-2.0,129.2,107.93
2006,11,44,0,6.0,0,2.23299089276,-0.27991427,0.1010667,0.1479143,-0.12070429,296.133142857,1.692857143,296.751428571,-1.24,293.8,1.41,90.0392857143,11.79,18.4471428571,1618169.00189,7.0,1.72963548712,-1.96,129.8,107.93
2006,11,45,0,2.0,0,0.753425355506,-0.27991427,0.1625571,0.1479143,-0.162299965,296.503714286,1.692857143,296.882857143,-1.24,294.0,1.41,91.2335714286,41.69,18.63,1175732.92036,6.75,1.8006915459,-1.96,130.2,107.93
2006,11,46,0,13.0,0,3.5314273997,-0.27991427,0.1625571,0.1479143,-0.21046284,296.503714286,1.692857143,296.882857143,-1.52,294.0,4.46,93.2642857143,41.69,18.63,676539.054734,6.75,1.65333204509,-1.96,130.9,107.93
2006,11,47,0,10.0,0,3.06387956889,-0.2178119,0.1625571,0.1479143,-0.21046284,296.749714285,1.692857143,296.961428571,-1.52,294.3,4.46,94.3714285715,41.69,18.6385714286,413618.663796,6.75,1.57826924316,-1.96,131.3,121.25
2006,12,48,0,5.0,0,1.95999621746,-0.2178119,0.1515714,0.13707428,-0.241992865,296.749714285,1.692857143,296.988571429,-1.52,294.3,1.41,94.3714285715,41.69,18.7442857143,519091.423062,6.75,1.58570885669,-1.96,131.4,121.25
2006,12,49,0,2.0,0,0.753425355506,-0.2178119,0.1515714,0.13707428,-0.241992865,296.749714285,1.692857143,297.608571429,-1.84,294.6,4.46,95.6178571428,41.69,19.4257142857,384159.401777,6.75,1.74829973833,-1.96,134.8,121.25
2006,12,50,0,0.0,0,-3.93938135327,-0.2178119,0.1515714,0.1479143,-0.241992865,296.940285714,1.692857143,297.608571429,-1.52,294.6,1.41,96.3357142857,41.69,19.4257142857,211689.313648,6.75,1.90061857891,-1.96,136.0,121.25
2006,12,51,0,1.0,0,9.99996186681e-06,-0.2178119,0.1515714,0.1479143,-0.241992865,297.316,1.692857143,297.351428571,-1.52,294.6,4.7,96.3357142857,41.69,19.1114285714,168908.894862,6.7,1.98274176731,-1.96,137.1,121.25
2007,1,1,0,0.0,0,-3.93938135327,-0.2178119,0.1515714,0.1479143,-0.241992865,297.316,1.692857143,297.351428571,-1.52,294.6,4.7,96.3614285714,41.69,19.1114285714,170220.808609,6.7,2.28856272142,-1.96,136.8,123.77
2007,1,2,1,14.0,1,3.66885124355,-0.2178119,0.1515714,0.1479143,-0.241992865,297.29,1.692857143,297.351428571,-1.66,294.6,7.0,96.5171428572,37.06,19.1114285714,155375.970649,3.6666666666,2.496234219,-2.42,137.2,123.77
2007,1,3,0,6.0,0,2.23299089276,-0.2178119,0.1515714,0.13487576,-0.241992865,297.29,1.692857143,296.988571429,-1.66,294.6,4.7,96.5171428572,37.06,18.7442857143,101726.897118,3.6666666666,2.50272147746,-2.42,136.5,123.77
2007,1,4,0,10.0,0,3.06387956889,-0.2178119,0.1394714,0.1479143,-0.241992865,297.29,1.692857143,297.025714286,-1.76,294.6,7.0,96.6178571428,37.06,18.7442857143,81339.4817867,3.6666666666,2.47861690318,-2.42,135.3,123.77
2007,1,5,0,5.0,0,1.95999621746,-0.2178119,0.1394714,0.1479143,-0.241992865,297.29,1.692857143,297.025714286,-1.76,294.3,4.7,96.6178571428,37.06,18.7442857143,114383.646263,3.6666666666,2.300193594,-2.42,134.4,123.77
2007,2,6,0,12.0,0,3.38568846431,-0.2178119,0.1394714,0.1479143,-0.241992865,297.29,1.692857143,297.025714286,-1.76,294.3,4.7,96.6178571428,37.06,18.6885714286,187309.464404,3.6666666666,2.32155712057,-2.42,133.3,123.77
2007,2,7,0,9.0,0,2.88416246161,-0.2178119,0.1394714,0.1479143,-0.185793315,297.29,1.692857143,296.774285714,-1.76,294.3,4.7,96.6178571428,14.19,18.4142857143,283670.980774,3.6666666666,2.66852209641,-2.42,133.2,123.77
2007,2,8,0,5.0,0,1.95999621746,-0.2178119,0.1182333,0.1479143,-0.185793315,297.29,1.892857143,296.725714286,-1.76,294.3,7.0,95.8221428571,14.19,18.3585714286,555898.758502,3.6666666666,3.06296110607,-2.42,131.5,123.77
2007,2,9,0,11.0,0,3.23037046514,-0.2178119,0.1182333,0.1479143,-0.082374255,297.29,1.892857143,296.517142857,-1.76,294.3,8.7,95.0664285714,14.19,18.1442857143,912215.20411,3.6666666666,3.32392934279,-2.38,129.7,123.77
2007,3,10,0,2.0,0,0.753425355506,-0.2178119,0.1182333,0.1479143,-0.082374255,297.29,1.892857143,296.388571429,-1.92,294.3,8.7,93.7421428572,14.19,17.9757142857,1216286.93881,2.8,3.24637680656,-2.38,129.6,139.41
2007,3,11,0,6.0,0,2.23299089276,-0.2178119,0.1182333,0.1479143,-0.082374255,297.141142857,1.892857143,296.388571429,-1.92,293.8,4.7,95.4357142858,14.19,17.9757142857,826302.872719,2.8,3.23499898852,-2.38,129.0,127.98
2007,3,12,0,7.0,0,2.47320159055,-0.2178119,0.1182333,0.13487576,-0.082374255,297.141142857,1.892857143,296.317142857,-1.92,293.8,7.9,95.4357142858,14.19,17.9114285714,630193.657593,2.8,3.0494736262,-2.38,128.3,127.98
2007,3,13,0,6.0,0,2.23299089276,-0.2178119,0.1182333,0.13487576,-0.03455067,297.141142857,1.892857143,296.317142857,-1.92,293.4,7.9,95.4357142858,14.19,17.9114285714,462623.079428,2.8,2.24727616244,-2.14,128.4,127.98
2007,4,14,0,5.0,0,1.95999621746,-0.2178119,0.1182333,0.13487576,-0.03455067,297.141142857,1.892857143,296.317142857,-1.92,293.8,7.9,96.1714285715,14.19,17.9114285714,232063.36487,2.8,2.31029588868,-2.14,129.8,127.98
2007,4,15,1,9.0,1,2.88416246161,-0.1673429,0.1182333,0.13487576,-0.08319501,297.141142857,1.892857143,296.56,-1.92,293.4,7.9,96.1714285715,14.19,18.2142857143,135107.348398,2.8,2.36588163748,-1.22,130.7,127.98
2007,4,16,0,5.0,0,1.95999621746,-0.1673429,0.1182333,0.13487576,-0.08319501,297.046,1.892857143,296.56,-1.92,293.4,7.9,96.1714285715,14.19,18.2142857143,137987.54381,2.8,2.36437608192,-1.22,130.9,127.98
2007,4,17,1,8.0,1,2.68850463997,-0.1673429,0.1182333,0.10006762,-0.08319501,297.046,1.892857143,296.56,-1.76,292.9,7.9,95.6735714285,14.19,18.2142857143,164746.810483,2.8,2.46555059882,-1.22,131.2,165.87
2007,4,18,0,3.0,0,1.25514274387,-0.1673429,0.1182333,0.09111426,-0.08319501,297.046,1.892857143,296.56,-1.7,293.4,-0.15,95.6735714285,14.19,18.2142857143,148617.752114,2.8,2.46328369061,-1.22,130.5,165.87
2007,5,19,0,4.0,0,1.64156082859,-0.1673429,0.1182333,0.09111426,-0.08319501,296.967428571,1.892857143,296.56,-1.7,292.9,7.9,95.6735714285,14.19,18.2142857143,168708.193475,2.3333333333,2.47009588868,-1.22,130.5,165.87
2007,5,20,1,11.0,1,3.23037046514,-0.1673429,0.1182333,0.09111426,-0.088702875,296.914857143,1.892857143,296.56,-1.76,292.9,8.7,95.5264285714,25.7,18.2142857143,212069.478622,4.8333333333,2.49326074375,-1.1,126.9,165.87
2007,5,21,0,5.0,0,1.95999621746,-0.1673429,0.1182333,0.09111426,-0.088702875,296.914857143,2.207142857,296.56,-1.7,292.8,7.9,95.2814285714,45.23,18.2142857143,282309.05116,4.8333333333,2.49699745873,-0.98,127.3,165.87
2007,5,22,1,8.0,2,2.68850463997,-0.1580429,0.08222857,0.09111426,-0.114521437,296.324,2.207142857,296.502857143,-1.7,292.6,7.9,95.2814285714,45.23,18.1042857143,382483.230604,6.5666666667,2.47843163747,-1.1,122.7,165.87
2007,6,23,1,4.0,2,1.64156082859,-0.1580429,0.08222857,0.08556,-0.114521437,296.315142857,2.207142857,296.168571429,-1.7,292.5,4.38,94.945,39.11,17.7185714286,471554.667867,6.5666666667,2.42833924616,-0.98,121.1,165.87
2007,6,24,0,3.0,0,1.25514274387,-0.1580429,0.08222857,0.07154858,-0.114521437,296.272857143,2.207142857,296.014285714,-1.7,292.4,-0.8,94.945,39.11,17.6114285714,634222.750969,6.5666666667,2.37648719302,-0.98,120.8,165.87
2007,6,25,0,1.0,0,9.99996186681e-06,-0.1580429,0.08222857,0.06364572,-0.114521437,296.130571429,2.207142857,295.994285714,-1.66,292.4,-0.8,94.4592857143,39.11,17.6114285714,466710.482392,6.5666666667,2.4422855022,-1.16,120.5,165.87
2007,6,26,0,2.0,0,0.753425355506,-0.1580429,0.08222857,0.06364572,-0.114521437,296.130571429,2.207142857,295.942857143,-1.66,292.5,-0.8,94.4592857143,11.41,17.5171428571,492371.539843,6.5666666667,2.30252777777,-1.16,122.2,165.87
2007,7,27,0,3.0,0,1.25514274387,-0.1580429,0.08222857,0.06364572,-0.099474978,296.130571429,2.207142857,295.23,-1.52,292.5,-2.58,93.3685714285,1.59,16.7271428571,672201.017715,6.5666666667,2.30868548711,-1.16,120.1,165.87
2007,7,28,1,4.0,1,1.64156082859,-0.1580429,0.08222857,0.06364572,-0.099474978,296.130571429,2.207142857,295.178571429,-1.52,292.1,-0.8,93.3685714285,1.59,16.6314285714,716449.544089,6.5666666667,2.27720059882,-1.04,122.5,165.87
2007,7,29,0,1.0,0,9.99996186681e-06,-0.1580429,0.08222857,0.06364572,-0.099474978,296.070571429,2.207142857,295.178571429,-1.66,291.7,4.38,94.1564285714,1.59,16.6314285714,615236.830717,6.5666666667,2.47970261171,-1.32,123.0,154.43
2007,7,30,1,8.0,1,2.68850463997,-0.1580429,0.08222857,0.06364572,-0.099474978,296.070571429,2.328571429,294.971428571,-1.66,291.1,4.38,94.1564285714,1.59,16.4228571429,766829.76739,6.5666666667,2.44093449576,-1.32,123.0,154.43
2007,7,31,0,5.0,0,1.95999621746,-0.1580429,0.08222857,0.06364572,-0.099474978,296.070571429,2.328571429,294.971428571,-1.88,291.1,4.38,93.4592857143,1.59,16.4228571429,1280701.16753,6.5666666667,2.00295844907,-1.32,118.2,154.43
2007,8,32,0,3.0,0,1.25514274387,-0.1580429,0.08222857,0.07154858,-0.099474978,296.070571429,2.328571429,294.941428571,-1.88,290.7,-0.8,89.2014285714,1.59,16.3914285714,1864734.27324,6.5666666667,1.65774347323,-1.46,114.7,154.43
2007,8,33,0,2.0,0,0.753425355506,-0.173119,0.08222857,0.07154858,-0.140968567,296.070571429,2.328571429,294.941428571,-1.66,291.1,-0.8,89.2014285714,1.59,16.3914285714,1481330.96472,6.5666666667,1.15185977758,-1.46,116.4,154.43
2007,8,34,1,7.0,1,2.47320159055,-0.173119,0.08222857,0.07154858,-0.135115005,296.070571429,2.328571429,294.345714286,-1.52,291.1,3.13,89.2014285714,1.59,15.8457142857,1576712.32776,6.5666666667,1.20882045089,-1.46,116.4,154.43
2007,8,35,0,1.0,0,9.99996186681e-06,-0.173119,0.08222857,0.07154858,-0.135115005,296.070571429,2.328571429,294.195714286,-1.52,291.8,0.4,83.3635714286,1.59,15.7571428571,2730830.77839,6.5666666667,1.46515687903,-1.46,115.4,154.43
2007,9,36,0,6.0,0,2.23299089276,-0.173119,0.08222857,0.07154858,-0.135115005,296.070571429,2.328571429,294.345714286,-1.66,291.8,3.13,87.6142857143,1.59,15.8457142857,1742680.45049,6.5666666667,1.56745156502,-1.46,115.6,117.12
2007,9,37,1,7.0,1,2.47320159055,-0.173119,0.08222857,0.06021428,-0.135115005,296.070571429,2.328571429,294.941428571,-1.52,291.8,0.4,88.535,1.59,16.3914285714,1842262.19051,6.5666666667,1.60717340982,-1.46,120.6,117.75
2007,9,38,0,5.0,0,1.95999621746,-0.173119,0.08222857,0.07435432,-0.135115005,296.070571429,2.328571429,295.162857143,-1.16,293.0,3.13,89.6821428571,1.59,16.65,1788684.09549,6.5666666667,1.6251685789,-1.68,125.0,117.75
2007,9,39,0,2.0,0,0.753425355506,-0.173119,0.08222857,0.07435432,-0.11975565,296.070571429,2.328571429,295.3,-1.16,293.0,3.13,89.6821428571,1.59,16.8042857143,2540983.58271,6.5666666667,1.73522745571,-1.68,124.8,113.17
2007,10,40,0,6.0,0,2.23299089276,-0.173119,0.08222857,0.05639722,-0.191477905,296.070571429,2.328571429,295.682857143,-1.16,293.3,3.13,91.2507142857,9.06,17.1828571429,1998279.68172,6.5666666667,2.0417627818,-1.68,126.5,113.17
2007,10,41,1,11.0,1,3.23037046514,-0.173119,0.08222857,0.05639722,-0.191477905,296.070571429,2.328571429,295.682857143,-1.44,293.4,3.13,91.2507142857,9.06,17.1828571429,1731700.21511,6.5666666667,1.8207080314,-1.76,128.4,113.17
2007,10,42,0,6.0,0,2.23299089276,-0.173119,0.08222857,0.05639722,-0.191477905,296.070571429,2.328571429,295.834285714,-1.44,293.5,3.13,88.2757142857,9.06,17.3671428571,2158350.99274,6.5666666667,2.00525966184,-1.76,129.4,113.17
2007,10,43,0,3.0,0,1.25514274387,-0.173119,0.08222857,0.05639722,-0.191477905,296.070571429,2.328571429,295.96,-1.44,293.5,0.4,92.3128571429,9.06,17.5428571429,1377185.18104,5.8166666667,1.99126006441,-1.92,128.9,113.17
2007,10,44,1,11.0,1,3.23037046514,-0.2224857,0.08222857,0.05639722,-0.191477905,296.070571429,2.328571429,296.287142857,-1.44,293.7,0.4,95.1871428572,9.06,17.84,1039235.36127,3.7066666667,1.91976247987,-1.92,128.9,79.06
2007,11,45,0,11.0,0,3.23037046514,-0.2224857,0.1207857,0.05639722,-0.16254004,296.130571429,2.328571429,296.287142857,-1.44,293.7,0.4,95.1871428572,9.06,17.9785714286,714339.834245,3.29,1.97297051127,-1.92,130.3,79.06
2007,11,46,0,5.0,0,1.95999621746,-0.2224857,0.1207857,0.05639722,-0.16254004,296.130571429,2.328571429,296.587142857,-0.88,294.3,0.4,95.1871428572,9.06,18.2657142857,681818.868478,3.29,1.98087962963,-1.92,130.3,91.66
2007,11,47,0,4.0,0,1.64156082859,-0.2224857,0.1207857,0.05639722,-0.16254004,296.209142857,2.328571429,296.83,-2.04,294.3,3.13,95.9035714286,30.26,18.5485714286,337550.720601,3.29,2.22216851851,-1.92,130.3,91.66
2007,11,48,0,9.0,0,2.88416246161,-0.2224857,0.12875,0.05639722,-0.170546445,296.209142857,2.328571429,296.938571429,-2.04,294.4,0.4,96.3685714286,37.28,18.6128571429,238444.25903,3.29,2.36037987117,-1.92,130.8,123.73
2007,12,49,1,23.0,3,4.65447287317,-0.2224857,0.12875,0.07170574,-0.170546445,296.209142857,2.328571429,296.938571429,-2.04,294.4,0.4,96.3685714286,37.28,18.6128571429,255130.965923,3.29,2.05869871175,-1.96,132.7,123.73
2007,12,50,1,28.0,3,5.07829476262,-0.2224857,0.12875,0.07170574,-0.170546445,296.602,2.328571429,296.938571429,-2.04,294.4,0.4,96.3685714286,37.28,18.6128571429,270321.970001,3.29,1.93392445652,-1.86,133.7,123.73
2007,12,51,1,26.0,3,4.91629820707,-0.2224857,0.12875,0.07170574,-0.187926445,296.745142857,1.764285714,296.938571429,-2.04,294.3,0.4,96.3685714286,37.28,18.6128571429,162030.33744,3.29,2.00843572866,-1.86,133.6,215.61
2007,12,52,0,7.0,0,2.47320159055,-0.2224857,0.12875,0.07170574,-0.1606914,296.773714285,1.764285714,296.938571429,-1.5,294.3,-0.46,96.3685714286,37.28,18.6128571429,138578.578074,3.29,2.10753030897,-1.86,133.7,215.61
2008,1,1,1,29.0,10,5.15600243004,-0.2224857,0.12875,0.07170574,-0.1606914,296.773714285,1.807142857,296.904285714,-1.5,294.3,-0.46,96.2985714286,19.95,18.6071428571,258886.846104,4.025,1.91110410628,-1.86,133.4,215.61
2008,1,2,1,58.0,10,6.83136279707,-0.2224857,0.12875,0.07817998,-0.1606914,296.773714285,1.807142857,296.904285714,-1.5,294.3,-0.46,95.6771428572,19.95,18.6071428571,190169.9672,3.375,2.6072200483,-1.82,133.6,215.61
2008,1,3,1,26.0,10,4.91629820707,-0.2224857,0.12875,0.07817998,-0.1606914,296.773714285,2.942857143,296.938571429,-1.5,294.3,0.4,95.6771428572,19.95,18.6128571429,196716.265554,3.375,2.62232944846,-1.82,132.6,215.61
2008,1,4,1,38.0,10,5.77673700787,-0.2224857,0.12875,0.07817998,-0.1606914,296.996857143,2.942857143,296.904285714,-1.5,294.3,0.4,95.6771428572,19.95,18.6071428571,118483.283864,3.375,2.49667244363,-1.96,131.9,215.61
2008,1,5,1,35.0,10,5.58364143237,-0.2224857,0.12875,0.07997526,-0.1606914,296.996857143,2.942857143,296.904285714,-1.5,294.3,-0.46,95.2028571429,19.95,18.6071428571,189335.096828,3.375,2.51792606682,-2.18,132.3,215.61
2008,2,6,1,37.0,10,5.71370641442,-0.2224857,0.12875,0.07997526,-0.21352501,296.996857143,2.942857143,296.397142857,-1.5,294.3,-7.77,95.2028571429,19.95,18.0342857143,294561.717949,3.375,2.54026400462,-2.18,131.1,215.61
2008,2,7,1,20.0,10,4.36514827569,-0.2224857,0.12875,0.07997526,-0.21352501,296.996857143,2.942857143,296.922857143,-1.5,294.3,-7.77,95.4935714285,19.95,18.5571428571,184346.214961,3.925,2.4839538446,-2.6,131.7,215.61
2008,2,8,1,29.0,10,5.15600243004,-0.2224857,0.12875,0.07997526,-0.21352501,296.996285714,2.942857143,296.922857143,-1.82,294.2,-7.77,95.4164285714,19.95,18.5571428571,275228.382561,3.925,2.339724376,-2.8,131.1,215.61
2008,2,9,1,25.0,10,4.83170960771,-0.2224857,0.12875,0.094521,-0.21352501,296.965714285,2.942857143,296.922857143,-1.86,294.1,-7.77,96.3171428571,19.95,18.5571428571,173563.32278,3.925,2.42824468095,-3.1,131.8,215.61
2008,3,10,1,23.0,10,4.65447287317,-0.2224857,0.12875,0.094521,-0.21352501,296.965714285,2.942857143,296.922857143,-1.86,294.1,-7.77,96.3171428571,19.95,18.5571428571,260344.98417,3.925,2.4265815167,-3.1,131.8,215.61
2008,3,11,0,9.0,0,2.88416246161,-0.2224857,0.12875,0.07868286,-0.19596428,296.965714285,2.942857143,296.922857143,-2.2,294.1,-7.77,96.3171428571,19.95,18.5571428571,258298.246873,3.925,2.41807970511,-3.1,131.2,215.61
2008,3,12,0,3.0,0,1.25514274387,-0.2224857,0.12875,0.07868286,-0.19596428,296.797428572,2.942857143,296.381428571,-2.2,293.5,-6.93,96.3171428571,19.95,17.9471428571,161236.853735,3.925,2.13030132346,-3.1,132.7,215.61
2008,3,13,0,6.0,0,2.23299089276,-0.2224857,0.12875,0.09860572,-0.19596428,296.797428572,2.942857143,296.381428571,-2.2,293.5,-7.77,95.5007142857,19.95,17.9471428571,157463.225243,3.925,2.12211493055,-3.14,133.2,215.61
2008,4,14,0,6.0,0,2.23299089276,-0.2224857,0.12875,0.09860572,-0.19596428,296.797428572,2.942857143,295.948571429,-1.86,293.7,-7.77,95.5007142857,38.72,17.5071428571,177847.770349,3.925,1.72772906098,-3.14,133.7,215.61
2008,4,15,0,3.0,0,1.25514274387,-0.2224857,0.12875,0.09860572,-0.19596428,296.797428572,2.942857143,296.381428571,-1.86,293.5,-7.77,94.6157142857,38.72,17.9471428571,243074.261322,3.925,1.72823610607,-3.14,132.2,187.44
2008,4,16,0,1.0,0,9.99996186681e-06,-0.2224857,0.12875,0.09860572,-0.19596428,296.797428572,2.942857143,295.948571429,-1.86,293.5,-7.77,94.6157142857,38.72,17.5071428571,211284.645008,3.925,1.77580494665,-2.86,132.0,187.44
2008,4,17,0,3.0,0,1.25514274387,-0.1749171,0.1386667,0.11514572,-0.19596428,296.756571429,2.942857143,296.381428571,-2.2,293.7,-7.77,96.5642857142,38.72,17.9471428571,114515.607912,3.925,1.61166001912,-2.86,131.4,187.44
2008,4,18,0,1.0,0,9.99996186681e-06,-0.1749171,0.1339,0.11514572,-0.14384072,296.756571429,2.942857143,296.382857143,-1.86,293.3,-7.77,96.5642857142,38.72,17.9642857143,137872.256655,3.925,1.48747161333,-2.86,132.1,113.67
2008,5,19,0,1.0,0,9.99996186681e-06,-0.1749171,0.1339,0.11514572,-0.117623605,296.227714286,2.942857143,296.382857143,-1.86,293.3,-7.77,96.5642857142,42.05,17.9642857143,146583.139973,3.925,1.44183497887,-2.86,130.1,113.67
2008,5,20,0,0.0,0,-3.93938135327,-0.1749171,0.1339,0.11514572,-0.117623605,295.999714286,2.942857143,296.382857143,-1.86,293.3,-15.12,96.5642857142,30.08,17.9642857143,125886.184993,3.925,1.47220997887,-2.86,125.6,113.67
2008,5,21,0,2.0,0,0.753425355506,-0.1740738,0.1339,0.11514572,-0.145672895,295.999714286,2.942857143,296.382857143,-1.86,293.1,-6.93,97.2964285714,30.08,17.9642857143,101340.809155,3.925,1.41650164553,-2.86,126.0,113.67
2008,5,22,0,1.0,0,9.99996186681e-06,-0.1740738,0.1339,0.11514572,-0.145672895,295.999714286,2.942857143,296.382857143,-1.86,293.3,-6.93,97.2964285714,30.08,17.9642857143,74936.4148429,4.75,1.33406142814,-2.86,126.0,113.67
2008,6,23,0,1.0,0,9.99996186681e-06,-0.1740738,0.1339,0.11514572,-0.122729975,295.999714286,2.942857143,296.382857143,-1.86,293.1,-6.93,96.3235714285,30.08,17.9642857143,103859.241625,4.75,1.39647447162,-2.86,124.8,113.67
2008,6,24,0,0.0,0,-3.93938135327,-0.1740738,0.1339,0.11514572,-0.122729975,295.999714286,2.0,295.994285714,-1.86,293.1,-6.93,96.3235714285,13.27,17.52,111204.549832,4.75,1.45540925423,-2.86,119.9,113.67
2008,6,25,0,0.0,0,-3.93938135327,-0.1740738,0.1339,0.11514572,-0.122729975,295.999714286,2.0,295.994285714,-1.8,293.1,-6.93,96.3235714285,13.27,17.52,110976.671656,4.75,1.12061237923,-2.86,120.3,113.67
2008,6,26,0,1.0,0,9.99996186681e-06,-0.1740738,0.1339,0.11514572,-0.122729975,295.999714286,2.0,295.934285714,-1.8,293.1,-6.93,96.3235714285,13.27,17.4471428571,110976.671656,4.75,0.944185748793,-2.86,120.3,113.67
2008,7,27,0,0.0,0,-3.93938135327,-0.1740738,0.1339,0.10396282,-0.122729975,296.018,2.0,295.638571429,-1.8,292.2,-27.43,95.9428571429,0.0,17.1442857143,175912.661785,4.75,0.948502878422,-2.86,119.7,84.24
2008,7,28,0,3.0,0,1.25514274387,-0.1740738,0.1339,0.10396282,-0.1809043,296.018,2.0,295.638571429,-1.8,291.7,-6.93,94.9214285715,0.0,17.1442857143,283293.591808,4.75,0.939509822867,-2.86,119.0,84.24
2008,7,29,0,3.0,0,1.25514274387,-0.1740738,0.1339,0.10396282,-0.1898143,295.996285715,2.0,295.638571429,-1.8,291.7,-1.93,94.8278571429,0.0,17.1442857143,353220.491052,4.75,0.958447322867,-2.86,119.6,84.24
2008,7,30,0,1.0,0,9.99996186681e-06,-0.1740738,0.1339,0.0968,-0.1898143,295.996285715,2.0,295.21,-1.64,291.7,-1.93,94.8278571429,0.0,16.7128571429,326634.002478,4.4333333333,0.715694680958,-2.86,122.6,84.24
2008,7,31,0,5.0,0,1.95999621746,-0.1740738,0.1339,0.0968,-0.1898143,295.996285715,2.0,295.21,-1.36,291.8,-1.93,93.4257142857,0.0,16.7128571429,458763.157485,4.4333333333,1.06895084038,-2.86,122.2,84.24
2008,8,32,0,2.0,0,0.753425355506,-0.1740738,0.1339,0.0968,-0.1898143,295.996285715,2.0,295.37,-1.3,292.2,-1.93,92.9164285714,0.0,16.8728571429,605176.931151,4.4333333333,1.40653477758,-2.6,122.7,54.23
2008,8,33,0,5.0,0,1.95999621746,-0.1740738,0.1339,0.10396282,-0.1898143,295.996285715,2.0,295.37,-1.36,292.2,-1.93,92.9164285714,0.0,16.8728571429,598768.098295,4.4333333333,1.71574484702,-2.26,121.7,54.23
2008,8,34,0,5.0,0,1.95999621746,-0.1740738,0.1339,0.10396282,-0.1898143,295.996285715,2.0,295.347142857,-1.3,291.8,-1.93,92.9164285714,0.0,16.8471428571,875548.421078,4.4333333333,2.96196448772,-1.96,119.9,54.23
2008,8,35,0,5.0,0,1.95999621746,-0.1740738,0.1339,0.10396282,-0.1898143,295.996285715,2.0,295.347142857,-1.3,292.6,-1.93,92.4128571429,0.0,16.8471428571,1114064.99603,4.4333333333,3.47277004327,-1.96,119.3,54.23
2008,9,36,1,9.0,13,2.88416246161,-0.1679167,0.1339,0.10396282,-0.1898143,295.996285715,2.0,295.347142857,-1.22,292.6,-1.93,91.5707142858,0.0,16.8471428571,1380552.30404,4.4333333333,4.12152600643,-1.96,118.9,54.23
2008,9,37,1,17.0,13,4.04056276372,-0.1679167,0.1339,0.10396282,-0.1898143,295.996285715,2.0,295.37,-1.36,292.7,3.93,91.8728571429,0.0,16.8728571429,1085873.01107,4.4333333333,4.52871592188,-1.6,119.1,54.23
2008,9,38,1,19.0,13,4.26134916651,-0.1679167,0.1339,0.09647426,-0.1898143,295.996285715,2.0,295.37,-1.36,292.7,-1.93,91.69,0.0,16.8728571429,955313.499479,4.4333333333,4.71313379628,-1.56,121.3,54.23
2008,9,39,1,25.0,13,4.83170960771,-0.1679167,0.1339,0.09647426,-0.1898143,295.996285715,1.807142857,295.484285714,-1.36,292.7,3.93,91.4171428571,0.0,17.03,834073.407037,4.4333333333,5.04752962961,-1.56,122.3,54.23
2008,9,40,1,45.0,13,6.18576777834,-0.1679167,0.1339,0.09647426,-0.137008935,295.996285715,2.528571429,295.484285714,-1.22,292.7,3.93,91.4171428571,0.0,17.03,786612.960274,4.4333333333,5.23747437599,-1.5,122.7,47.12
2008,10,41,1,34.0,13,5.51647188034,-0.2246286,0.1495857,0.09198286,-0.166528935,295.996285715,2.528571429,295.361428571,-1.22,292.7,-1.93,91.4171428571,12.88,17.0185714286,879709.440942,4.4333333333,5.69483508454,-1.5,123.8,58.37
2008,10,42,1,63.0,13,7.05026268503,-0.2246286,0.1495857,0.08746856,-0.16299062,295.996285715,2.528571429,295.484285714,-1.06,292.7,3.93,91.4171428571,12.88,17.03,823106.15252,5.05,5.54203073671,-1.5,124.4,58.37
2008,10,43,1,44.0,13,6.13045084173,-0.2246286,0.1495857,0.08746856,-0.19573784,295.996285715,2.528571429,295.49,-1.22,292.7,4.0,92.0178571429,12.88,17.0471428571,933261.622747,5.05,5.47730609903,-1.5,125.1,58.37
2008,10,44,1,50.0,13,6.44908333719,-0.2246286,0.1495857,0.08746856,-0.19573784,296.100285715,2.528571429,295.915714286,-1.22,292.7,4.0,93.2314285715,12.88,17.5271428571,933261.622747,5.05,5.27836859903,-1.5,125.6,45.45
2008,11,45,1,35.0,13,5.58364143237,-0.2246286,0.1495857,0.08746856,-0.19573784,296.203428571,2.528571429,296.701428571,-1.3,293.1,3.93,94.5721428572,12.88,18.3885714286,810679.097867,4.98,5.29173363526,-1.26,126.0,61.93
2008,11,46,1,16.0,13,3.9226526171,-0.2246286,0.1495857,0.09030572,-0.19573784,296.229714286,2.528571429,296.701428571,-1.3,293.2,3.93,94.5721428572,12.88,18.3885714286,634956.477773,4.98,5.43888741949,-0.9,126.9,61.93
2008,11,47,1,16.0,13,3.9226526171,-0.2246286,0.1495857,0.09030572,-0.19573784,296.229714286,2.528571429,296.825714286,-1.36,293.4,4.0,94.7157142857,24.28,18.4842857143,412985.961167,4.98,5.075684219,-0.9,127.1,61.93
2008,11,48,1,13.0,13,3.5314273997,-0.2246286,0.1495857,0.09198286,-0.19573784,296.241428571,2.528571429,297.468571429,-1.3,293.7,3.93,95.275,24.28,19.2528571429,294060.204441,4.98,4.87363590983,-0.9,127.1,61.93
2008,12,49,0,9.0,0,2.88416246161,-0.2246286,0.1495857,0.09198286,-0.211615845,296.475428572,2.528571429,297.468571429,-1.3,293.7,4.0,95.275,24.28,19.2528571429,241032.95446,4.98,4.37910529388,-0.86,126.6,61.93
2008,12,50,0,15.0,0,3.79898064952,-0.2246286,0.1495857,0.09030572,-0.211615845,296.475428572,2.528571429,297.468571429,-1.3,294.0,4.0,95.275,24.28,19.2528571429,258708.704454,4.98,3.83917511574,-0.72,126.6,61.93
2008,12,51,0,4.0,0,1.64156082859,-0.2246286,0.1638714,0.09030572,-0.211615845,296.543428572,2.528571429,297.468571429,-1.6,294.0,4.36,94.95,24.28,19.2528571429,330688.142386,4.98,3.2804806713,-0.72,125.9,61.93
2008,12,52,0,0.0,0,-3.93938135327,-0.2246286,0.1638714,0.09030572,-0.211615845,296.545714286,2.528571429,297.468571429,-1.6,294.0,4.0,94.95,24.28,19.2528571429,341538.109969,4.98,2.63886291767,-0.56,126.6,61.93
2009,1,1,0,1.0,0,9.99996186681e-06,-0.2246286,0.1616857,0.09030572,-0.179048195,296.620857143,2.528571429,297.468571429,-1.6,294.0,0.0,94.95,43.6,19.2528571429,452054.098023,4.98,1.92485059883,-0.56,126.1,61.93
2009,1,2,0,10.0,0,3.06387956889,-0.2246286,0.12234,0.09030572,-0.21821478,296.946,2.528571429,297.044285714,-2.16,294.2,4.0,94.9314285715,43.6,18.7785714286,477521.934531,4.1833333333,1.77447190016,-0.56,126.2,87.94
2009,1,3,0,11.0,0,3.23037046514,-0.2246286,0.12234,0.09030572,-0.21821478,296.946,2.528571429,297.044285714,-2.16,294.7,4.0,96.9164285715,43.6,18.7785714286,248311.405956,4.1833333333,1.86224967794,-0.5,126.3,87.94
2009,1,4,1,29.0,5,5.15600243004,-0.2246286,0.12234,0.09030572,-0.21821478,296.730571429,2.528571429,296.847142857,-1.96,294.7,4.0,96.9164285715,43.6,18.5728571429,175051.829665,4.1833333333,1.89870378422,-0.14,126.9,87.94
2009,1,5,1,35.0,5,5.58364143237,-0.2246286,0.12234,0.09030572,-0.243695455,296.730571429,2.528571429,296.784285714,-1.96,294.7,4.36,96.9164285715,45.03,18.4614285714,157380.982506,4.1833333333,1.88977390801,-0.14,127.5,87.94
2009,2,6,1,30.0,5,5.2316925613,-0.2246286,0.12234,0.08666284,-0.243695455,296.730571429,2.528571429,296.784285714,-2.12,294.5,9.77,97.8085714285,45.03,18.4614285714,78907.8683004,4.1833333333,1.65465416667,-0.14,127.3,87.94
2009,2,7,1,20.0,5,4.36514827569,-0.2246286,0.12234,0.08666284,-0.243695455,296.730571429,2.528571429,296.784285714,-2.12,294.2,9.77,97.8085714285,45.03,18.4614285714,54712.3617219,4.1833333333,1.64035706522,-0.14,127.3,87.94
2009,2,8,1,21.0,5,4.46506148992,-0.2246286,0.12234,0.08666284,-0.243695455,296.730571429,2.528571429,296.514285714,-1.54,294.2,9.77,97.8085714285,45.03,18.13,49814.3026725,4.1833333333,1.56353654891,-0.1,126.7,98.56
2009,2,9,0,12.0,0,3.38568846431,-0.2246286,0.12234,0.08666284,-0.243695455,296.730571429,1.285714286,296.514285714,-1.54,294.2,9.77,96.0642857142,45.03,18.13,94838.7685495,4.1833333333,1.56064588869,-0.1,126.1,98.56
2009,3,10,0,9.0,0,2.88416246161,-0.2246286,0.12234,0.09030572,-0.243695455,296.810857143,1.285714286,296.71,-1.88,294.2,4.36,96.0642857142,52.28,18.3542857143,99434.4798009,4.1833333333,1.56018212057,-0.1,125.3,98.56
2009,3,11,1,11.0,1,3.23037046514,-0.2246286,0.12234,0.0948857,-0.243695455,296.758,1.285714286,296.71,-1.88,294.2,4.36,97.5707142857,52.28,18.3528571429,73616.4043438,4.1833333333,1.52331738627,-0.1,125.2,98.56
2009,3,12,0,9.0,0,2.88416246161,-0.2246286,0.12234,0.09384854,-0.243695455,296.758,1.285714286,296.71,-1.88,294.2,4.36,96.9214285715,52.28,18.3528571429,87812.4051814,4.1,1.51375579207,-0.1,125.2,86.78
2009,3,13,0,5.0,0,1.95999621746,-0.2246286,0.12234,0.09384854,-0.243695455,296.758,1.285714286,296.71,-1.88,294.3,0.0,96.9214285715,52.28,18.3528571429,77841.6739157,2.65,1.21202108997,-0.1,125.5,86.78
2009,4,14,1,11.0,1,3.23037046514,-0.2150166,0.05895,0.09384854,-0.172262447,296.758,1.285714286,296.71,-1.54,294.2,0.0,97.265,52.28,18.3528571429,76864.5817746,2.65,1.00655369867,-0.1,126.7,86.78
2009,4,15,0,3.0,0,1.25514274387,-0.2150166,0.05895,0.09384854,-0.193296075,296.758,1.285714286,296.545714286,-1.54,294.2,-12.66,97.265,58.56,18.1757142857,98138.213498,2.7666666667,0.943930510263,0.54,127.2,99.25
2009,4,16,0,5.0,0,1.95999621746,-0.2150166,0.05895,0.09384854,-0.193296075,296.645142857,1.285714286,296.545714286,-1.88,294.2,0.0,97.7171428572,58.56,18.1757142857,92159.2046924,2.7666666667,0.956560139894,-0.1,127.4,99.25
2009,4,17,0,5.0,0,1.95999621746,-0.2150166,0.05895,0.09384854,-0.133023572,296.645142857,1.285714286,296.71,-1.88,294.2,0.0,96.9821428572,52.74,18.3528571429,76216.972601,2.7666666667,1.22003960849,-0.1,127.6,99.25
2009,4,18,0,4.0,0,1.64156082859,-0.2150166,0.05895,0.09384854,-0.133023572,296.645142857,1.285714286,296.71,-1.54,294.3,0.0,96.9821428572,52.74,18.3528571429,77273.0969327,2.7666666667,1.10369963264,-0.1,127.6,99.25
2009,5,19,0,4.0,0,1.64156082859,-0.2150166,0.05895,0.10585712,-0.133023572,296.645142857,1.285714286,296.545714286,-1.54,294.3,0.0,96.9821428572,30.73,18.1757142857,86823.7044189,2.7666666667,1.07570929448,-0.1,128.1,99.25
2009,5,20,0,1.0,0,9.99996186681e-06,-0.2150166,0.05895,0.10585712,-0.133023572,296.645142857,1.285714286,296.5,-1.54,294.1,-11.76,96.9821428572,30.73,18.1057142857,116807.314208,3.075,0.74359629629,-0.1,128.4,99.25
2009,5,21,0,0.0,0,-3.93938135327,-0.2150166,0.05895,0.09384854,-0.133023572,296.645142857,1.285714286,296.484285714,-1.54,293.6,-6.54,96.9821428572,30.73,18.09,130299.298285,3.1666666667,0.731940318029,-0.1,128.8,99.25
2009,5,22,0,2.0,0,0.753425355506,-0.2150166,0.05895,0.09384854,-0.133023572,296.645142857,1.285714286,296.484285714,-1.54,293.6,-6.54,97.2035714286,30.73,18.09,114558.443459,3.1666666667,0.770453980466,-0.1,128.6,99.25
2009,6,23,0,3.0,0,1.25514274387,-0.2150166,0.05895,0.09384854,-0.133023572,296.567142857,1.285714286,296.448571429,-1.88,293.4,-6.54,96.625,30.73,18.0185714286,139505.267822,3.1666666667,0.746325961142,-0.1,129.6,99.25
2009,6,24,0,3.0,0,1.25514274387,-0.2150166,0.05895,0.09384854,-0.133023572,296.210571429,1.285714286,296.448571429,-1.88,293.1,-6.54,96.625,8.74,18.0185714286,138869.708516,4.2333333333,0.975355429741,-0.1,128.6,99.25
2009,6,25,1,5.0,1,1.95999621746,-0.2150166,0.05895,0.09432002,-0.133023572,296.050285714,1.535714285,296.448571429,-1.54,292.9,-11.76,96.625,8.74,18.0185714286,149979.285197,4.2333333333,0.93157668578,-0.1,126.0,99.25
2009,6,26,0,2.0,0,0.753425355506,-0.2150166,0.05895,0.09432002,-0.13126355,296.050285714,1.535714285,296.271428571,-1.54,292.9,-11.76,96.625,8.74,17.8585714286,142893.649676,4.2333333333,0.931848047495,0.54,125.2,99.25
2009,7,27,0,1.0,0,9.99996186681e-06,-0.1852167,0.05895,0.09432002,-0.101543525,296.050285714,1.535714285,296.264285714,-1.54,292.9,-10.91,96.625,8.74,17.83,122625.046885,4.2333333333,0.910736936384,0.54,125.2,46.96
2009,7,28,0,2.0,0,0.753425355506,-0.1852167,0.05895,0.09432002,-0.0859957,296.038285714,1.535714285,296.11,-1.54,292.8,-11.76,95.4464285714,8.74,17.6671428571,177541.098417,4.2333333333,0.909140318026,0.64,125.8,46.96
2009,7,29,0,0.0,0,-3.93938135327,-0.1852167,0.05895,0.09432002,-0.077620025,296.038285714,1.535714285,296.012857143,-1.22,292.7,-11.76,95.005,8.74,17.5857142857,212631.574339,4.2333333333,0.903507241335,0.64,124.9,46.96
2009,7,30,0,0.0,0,-3.93938135327,-0.18102616,0.05895,0.09432002,-0.077620025,296.038285714,1.535714285,295.411428571,-1.22,292.7,-11.76,95.005,8.74,16.92,324542.929254,4.2333333333,0.835396331516,0.54,125.9,46.96
2009,7,31,0,3.0,0,1.25514274387,-0.2004429,0.05895,0.09432002,-0.15716465,296.038285714,1.535714285,295.357142857,-1.22,292.7,-11.76,95.005,8.74,16.8742857143,410486.704964,4.2333333333,0.758458932165,0.3,127.0,46.96
2009,8,32,0,5.0,0,1.95999621746,-0.2004429,0.05895,0.10585712,-0.15716465,296.038285714,1.535714285,295.357142857,-1.22,292.3,-10.91,95.005,8.74,16.8742857143,558397.616833,4.2333333333,0.701389125402,0.3,126.3,46.96
2009,8,33,0,5.0,0,1.95999621746,-0.2004429,0.05895,0.10585712,-0.178323975,296.038285714,1.535714285,295.411428571,-1.06,292.3,-6.54,95.005,8.74,16.92,732839.186391,4.2333333333,0.715905671295,-0.08,125.9,46.96
2009,8,34,1,7.0,1,2.47320159055,-0.2004429,0.05895,0.10585712,-0.178323975,296.038285714,1.535714285,295.411428571,-1.06,292.3,-10.91,92.2978571429,6.52,16.92,985275.883288,4.2333333333,0.871073787237,-0.44,125.5,37.14
2009,8,35,0,5.0,0,1.95999621746,-0.2004429,0.05895,0.09432002,-0.178323975,296.038285714,1.535714285,295.411428571,-1.06,292.3,-6.54,89.1007142857,6.52,16.92,1596959.92871,4.2333333333,1.0230230626,-0.44,126.2,37.14
2009,9,36,0,2.0,0,0.753425355506,-0.2004429,0.05895,0.10023434,-0.178323975,296.038285714,1.535714285,295.507142857,-1.06,292.7,-4.9,92.4821428572,6.52,17.04,1280919.88285,4.2333333333,1.21670241042,-1.08,126.2,37.14
2009,9,37,0,2.0,0,0.753425355506,-0.2004429,0.09244286,0.10023434,-0.178323975,296.038285714,2.3,295.507142857,-1.06,292.3,-6.54,91.585,6.52,17.04,1712269.18454,4.2333333333,1.60150937499,-1.08,127.1,37.14
2009,9,38,0,2.0,0,0.753425355506,-0.2004429,0.09244286,0.10023434,-0.178323975,296.038285714,2.3,295.507142857,-1.06,292.7,-4.9,91.585,6.52,17.04,1689383.44818,4.2333333333,1.69729379528,-1.08,127.0,37.14
2009,9,39,0,0.0,0,-3.93938135327,-0.2004429,0.09244286,0.10023434,-0.186966785,296.038285714,2.3,295.827142857,-0.72,293.0,-4.9,91.585,6.52,17.38,1638318.96108,4.2333333333,1.8590605022,-1.08,127.0,37.14
2009,10,40,0,2.0,0,0.753425355506,-0.2004429,0.09244286,0.10023434,-0.215299705,296.038285714,2.3,296.344285714,-0.72,293.4,0.43,93.2842857143,6.52,17.9471428571,1276389.67425,4.2333333333,1.87487222221,-1.16,126.3,27.27
2009,10,41,0,1.0,0,9.99996186681e-06,-0.2004429,0.09244286,0.10023434,-0.215299705,296.038285714,2.3,296.388571429,-0.72,293.5,-4.9,93.2842857143,6.52,17.9885714286,1005640.34941,4.3933333333,1.53790410627,-1.76,125.3,27.27
2009,10,42,0,1.0,0,9.99996186681e-06,-0.2004429,0.09244286,0.10023434,-0.215299705,296.038285714,2.3,296.388571429,-0.72,293.5,-4.9,90.4428571429,6.52,17.9885714286,1563911.72095,4.3933333333,1.54528454105,-1.76,125.5,27.27
2009,10,43,0,2.0,0,0.753425355506,-0.2004429,0.09244286,0.08960286,-0.16985288,296.038285714,2.3,296.444285714,-1.6,293.7,0.43,91.1164285714,6.52,18.1228571429,1027762.35768,4.3933333333,1.51097657004,-1.76,125.1,45.8
2009,10,44,0,2.0,0,0.753425355506,-0.2004429,0.09244286,0.08960286,-0.16985288,296.038285714,2.3,296.561428571,-1.6,293.8,8.8,92.6921428572,6.52,18.1342857143,739178.838531,3.6933333333,1.51319355373,-1.76,125.7,45.8
2009,11,45,0,3.0,0,1.25514274387,-0.2004429,0.09244286,0.08960286,-0.184176475,296.038285714,2.3,296.918571429,-1.06,293.8,0.43,92.6921428572,6.52,18.6614285714,684460.405028,4.44,1.56361243457,-1.76,125.9,45.8
2009,11,46,0,9.0,0,2.88416246161,-0.2004429,0.1152714,0.08960286,-0.184176475,296.038285714,2.3,296.925714286,-1.0,294.1,0.43,92.2328571428,6.52,18.6642857143,840646.000803,4.44,1.47695180655,-1.76,127.3,88.82
2009,11,47,0,5.0,0,1.95999621746,-0.2004429,0.1152714,0.10210862,-0.184176475,296.038285714,2.3,296.925714286,-1.0,294.3,0.43,92.2328571428,13.74,18.6642857143,1079906.78565,4.44,1.49171831218,-1.76,128.6,88.82
2009,11,48,0,5.0,0,1.95999621746,-0.2004429,0.1152714,0.10210862,-0.184176475,296.038285714,2.3,297.14,-1.06,294.5,8.8,92.2328571428,13.74,18.9371428571,791758.580826,4.7266666666,1.04852990639,-1.76,129.2,88.82
2009,12,49,0,4.0,0,1.64156082859,-0.2004429,0.1152714,0.14774574,-0.184176475,296.143142857,2.3,297.14,-1.06,294.8,8.8,92.7585714286,13.74,18.9371428571,716541.515647,4.7266666666,1.10533357487,-1.76,130.4,88.82
2009,12,50,0,4.0,0,1.64156082859,-0.2004429,0.1152714,0.14774574,-0.184176475,296.467428572,2.3,297.14,-1.06,294.8,8.8,91.0407142858,20.58,18.9371428571,896903.849213,4.7266666666,1.11409150059,-1.76,130.6,88.82
2009,12,51,0,1.0,0,9.99996186681e-06,-0.2004429,0.1152714,0.14774574,-0.184176475,296.467428572,2.3,297.14,-1.1,294.9,9.99,92.3335714286,20.58,18.9371428571,587453.15229,4.7266666666,1.0785400966,-1.76,131.4,88.82
2009,12,52,0,0.0,0,-3.93938135327,-0.2004429,0.1152714,0.14774574,-0.09872357,296.526,2.3,297.14,-1.82,294.9,9.99,94.9221428572,20.58,18.9371428571,295331.639404,4.7266666666,1.60225789049,-2.12,131.3,88.82
2010,1,53,0,0.0,0,-3.93938135327,-0.2004429,0.1152714,0.14774574,-0.09872357,296.639142857,2.3,296.97,-1.82,294.9,9.99,96.8857142857,20.58,18.6714285714,130158.135689,4.7266666666,2.06999830413,-2.32,130.8,88.82
2010,1,1,0,10.0,0,3.06387956889,-0.2004429,0.1791286,0.14774574,-0.125889665,297.106,2.335714285,296.925714286,-1.82,294.9,8.8,96.8857142857,27.04,18.6642857143,165791.592509,4.7266666666,1.98953332829,-2.32,130.8,88.82
2010,1,2,0,9.0,0,2.88416246161,-0.2004429,0.1423143,0.14774574,-0.138205705,297.181428571,2.335714285,296.905714286,-1.82,294.9,9.99,96.8857142857,27.04,18.6014285714,195713.463717,4.7266666666,1.99587994665,-2.32,130.7,88.82
2010,1,3,1,17.0,1,4.04056276372,-0.1867857,0.1423143,0.14774574,-0.138205705,297.219142857,2.335714285,296.905714286,-1.82,294.9,9.99,96.8857142857,19.04,18.6014285714,161711.261401,4.7266666666,2.00023280494,-2.32,132.0,88.82
2010,1,4,0,16.0,0,3.9226526171,-0.1867857,0.1423143,0.10113998,-0.09765536,297.222857143,2.335714285,296.595714286,-1.82,294.9,13.7,96.8857142857,19.04,18.3042857143,186296.913563,4.7266666666,2.05951215276,-2.32,132.4,129.83
2010,2,5,0,11.0,0,3.23037046514,-0.1867857,0.1421167,0.10113998,-0.13622566,297.222857143,2.335714285,296.595714286,-2.26,295.0,13.7,94.3421428572,19.04,18.3042857143,294632.618733,4.7266666666,2.2304341737,-2.32,132.6,129.83
2010,2,6,0,12.0,0,3.38568846431,-0.1867857,0.1421167,0.10113998,-0.13622566,297.222857143,2.335714285,296.837142857,-1.76,295.0,13.7,94.1571428572,19.04,18.5228571429,354680.027442,4.7266666666,2.55231038142,-2.12,133.7,129.83
2010,2,7,0,19.0,0,4.26134916651,-0.1867857,0.1421167,0.10113998,-0.13622566,297.222857143,2.335714285,296.837142857,-1.76,294.9,13.7,94.1571428572,19.04,18.5228571429,300816.136531,4.7266666666,2.40749999495,-2.12,133.3,129.83
2010,2,8,0,15.0,0,3.79898064952,-0.1867857,0.1421167,0.0815657,-0.13622566,297.352,2.335714285,297.09,-1.76,295.0,13.7,95.7157142857,19.04,18.8571428571,268434.992349,4.7266666666,2.06496062298,-2.04,132.6,129.83
2010,3,9,0,12.0,0,3.38568846431,-0.2347547,0.1421167,0.0815657,-0.19900636,297.352,2.335714285,297.568571429,-2.08,295.0,13.7,97.1078571429,19.04,19.3457142857,194215.383537,4.7266666666,2.00045699979,-2.04,131.3,92.75
2010,3,10,1,12.0,2,3.38568846431,-0.2347547,0.1421167,0.0815657,-0.19900636,297.352,2.335714285,297.917142857,-1.58,295.0,0.0,97.1078571429,19.04,19.7542857143,222733.999336,4.7266666666,1.79207233795,-2.04,130.3,92.75
2010,3,11,1,16.0,2,3.9226526171,-0.2347547,0.1421167,0.0815657,-0.19900636,297.352,2.335714285,297.928571429,-1.58,295.0,13.7,97.1078571429,19.04,19.7728571429,236511.360119,3.4333333333,1.76766948469,-2.04,130.3,92.75
2010,3,12,0,9.0,0,2.88416246161,-0.2347547,0.1421167,0.0815657,-0.19900636,297.395428571,2.335714285,297.928571429,-1.58,295.0,15.35,96.975,19.04,19.7728571429,300043.757081,3.4333333333,1.83148421899,-2.04,128.4,58.28
2010,4,13,0,4.0,0,1.64156082859,-0.2347547,0.1421167,0.10113998,-0.19900636,297.395428571,2.335714285,297.928571429,-1.1,295.0,13.7,96.975,19.04,19.7728571429,303230.86831,3.4333333333,1.92862099435,-1.4,128.0,58.28
2010,4,14,0,9.0,0,2.88416246161,-0.2347547,0.1421167,0.10113998,-0.19900636,297.395428571,2.335714285,298.141428571,-1.1,295.0,13.7,96.975,19.04,20.0785714286,286266.903649,3.4333333333,1.9409301731,-1.4,129.1,58.28
2010,4,15,0,6.0,0,2.23299089276,-0.2347547,0.1421167,0.09202004,-0.19900636,297.395428571,2.335714285,298.141428571,-1.1,294.6,13.7,96.1871428572,17.33,20.0785714286,331466.941067,3.4333333333,1.99188621174,-1.4,129.1,58.28
2010,4,16,1,8.0,1,2.68850463997,-0.2347547,0.1421167,0.108934308,-0.19900636,297.395428571,2.335714285,298.141428571,-1.58,294.6,13.7,96.06,17.33,20.0785714286,291712.397082,3.4333333333,1.86462292672,-1.44,130.2,58.28
2010,4,17,0,4.0,0,1.64156082859,-0.2347547,0.1421167,0.108934308,-0.15057501,297.395428571,2.335714285,298.141428571,-1.58,294.6,0.0,95.5892857143,17.33,20.0785714286,272831.335782,3.4333333333,1.88477813506,-1.44,129.6,58.28
2010,5,18,0,2.0,0,0.753425355506,-0.2347547,0.1421167,0.107734248,-0.15057501,297.268571428,2.335714285,298.141428571,-1.58,294.6,0.0,96.3542857143,17.33,20.0785714286,194186.004115,3.3,1.79388159722,-1.8,130.0,58.28
2010,5,19,1,7.0,1,2.47320159055,-0.2347547,0.1421167,0.07090852,-0.15057501,297.200857143,2.335714285,297.678571429,-1.58,294.6,0.0,97.0792857143,17.33,19.4485714286,126250.059732,3.3,1.71670144425,-1.8,130.2,58.28
2010,5,20,0,6.0,0,2.23299089276,-0.2347547,0.1421167,0.06885426,-0.161441415,297.200857143,2.335714285,297.555714286,-1.58,294.6,0.0,97.0792857143,1.15,19.3685714286,183997.77224,4.9166666667,1.78368566828,-1.8,127.7,58.28
2010,5,21,0,5.0,0,1.95999621746,-0.2347547,0.1421167,0.06885426,-0.089147895,297.200857143,2.335714285,297.002857143,-1.58,294.6,0.0,97.0792857143,1.15,18.6771428571,249451.525211,4.9166666667,1.86716714976,-1.8,128.9,58.28
2010,6,22,1,8.0,1,2.68850463997,-0.2347547,0.1421167,0.06885426,-0.089147895,297.200857143,2.064285714,297.002857143,-1.16,294.6,1.84,97.0792857143,1.15,18.6771428571,240263.62373,4.9166666667,1.84716601751,-1.8,128.1,58.28
2010,6,23,0,1.0,0,9.99996186681e-06,-0.2347547,0.1421167,0.07854284,-0.089147895,297.181428571,2.064285714,296.975714286,-1.62,294.5,1.84,97.0792857143,1.15,18.6028571429,218232.530205,4.9166666667,2.16983449577,-1.8,125.9,35.78
2010,6,24,0,1.0,0,9.99996186681e-06,-0.2347547,0.1421167,0.07854284,-0.089147895,296.715142857,2.064285714,296.825714286,-1.62,294.5,11.73,96.0528571429,1.15,18.4857142857,300615.310357,4.9166666667,2.08071050221,-1.8,125.5,35.78
2010,6,25,0,4.0,0,1.64156082859,-0.2347547,0.1421167,0.07854284,-0.089147895,296.734571429,2.314285715,296.738571429,-1.62,294.3,1.84,94.47,1.15,18.3914285714,535275.760475,4.9166666667,1.92408731381,-1.6,126.5,35.78
